citta,variante,fermate_richieste,fermate_effettive,ripetizione,soddisfacibile,atomi,regole,tempo_grounding,tempo_solving,trasbordi
roma,completa,50,50,1,True,7334,7334,0.013384399993810803,0.0007074999739415944,436
roma,completa,50,50,2,True,7334,7334,0.010960300045553595,0.0005290000117383897,436
roma,completa,50,50,3,True,7334,7334,0.011125900025945157,0.0005368999554775655,436
roma,senza_chiusura,50,50,1,True,5026,5026,0.006555000029038638,0.0005000999663025141,436
roma,senza_chiusura,50,50,2,True,5026,5026,0.007763399975374341,0.0005153000238351524,436
roma,senza_chiusura,50,50,3,True,5026,5026,0.0065929999691434205,0.0005006000283174217,436
roma,senza_indice,50,50,1,True,10222,10222,0.014195200055837631,0.0006167000392451882,436
roma,senza_indice,50,50,2,True,10222,10222,0.013879799982532859,0.0006288000149652362,436
roma,senza_indice,50,50,3,True,10222,10222,0.013715699955355376,0.0005598000134341419,436
roma,completa,150,150,1,True,24463,24463,0.04303029994480312,0.0016285000019706786,1096
roma,completa,150,150,2,True,24463,24463,0.05399370001396164,0.0013933999580331147,1096
roma,completa,150,150,3,True,24463,24463,0.04569999995874241,0.0015410000341944396,1096
roma,senza_chiusura,150,150,1,True,13281,13281,0.018411400029435754,0.0013559999642893672,1096
roma,senza_chiusura,150,150,2,True,13281,13281,0.018612799991387874,0.001303000026382506,1096
roma,senza_chiusura,150,150,3,True,13281,13281,0.026880999968852848,0.0013331000227481127,1096
roma,senza_indice,150,150,1,True,63727,63727,0.0990934000001289,0.00222540000686422,1096
roma,senza_indice,150,150,2,True,63727,63727,0.09429280000040308,0.002459699986502528,1096
roma,senza_indice,150,150,3,True,63727,63727,0.08919860003516078,0.002541199966799468,1096
roma,completa,400,400,1,True,70612,70612,0.13654010003665462,0.0036616999423131347,2738
roma,completa,400,400,2,True,70612,70612,0.12870070000644773,0.004220300004817545,2738
roma,completa,400,400,3,True,70612,70612,0.21572089998517185,0.003725700022187084,2738
roma,senza_chiusura,400,400,1,True,33468,33468,0.10264749999623746,0.0061160000041127205,2738
roma,senza_chiusura,400,400,2,True,33468,33468,0.05102539999643341,0.0032558999955654144,2738
roma,senza_chiusura,400,400,3,True,33468,33468,0.05702220002422109,0.003277099982369691,2738
roma,senza_indice,400,400,1,True,375992,375992,0.7151556000462733,0.010779500007629395,2738
roma,senza_indice,400,400,2,True,375992,375992,0.4862351000192575,0.01028209994547069,2738
roma,senza_indice,400,400,3,True,375992,375992,0.472693599993363,0.010005799995269626,2738
roma,completa,1000,1000,1,True,724410,724410,1.8467333000153303,0.015060200006701052,7232
roma,completa,1000,1000,2,True,724410,724410,1.5767824999638833,0.014695500023663044,7232
roma,completa,1000,1000,3,True,724410,724410,1.6525082000298426,0.01532420003786683,7232
roma,senza_chiusura,1000,1000,1,True,86808,86808,0.11228350002784282,0.00869570003123954,7232
roma,senza_chiusura,1000,1000,2,True,86808,86808,0.12208009994355962,0.01049580000108108,7232
roma,senza_chiusura,1000,1000,3,True,86808,86808,0.1171011000405997,0.009290099958889186,7232
roma,completa,2000,2000,1,True,2358444,2358444,6.571749199996702,0.03771310002775863,13938
roma,completa,2000,2000,2,True,2358444,2358444,5.354615200019907,0.03738779999548569,13938
roma,completa,2000,2000,3,True,2358444,2358444,5.195570499985479,0.03891579998889938,13938
roma,senza_chiusura,2000,2000,1,True,167360,167360,0.22330569999758154,0.018355100008193403,13938
roma,senza_chiusura,2000,2000,2,True,167360,167360,0.2165400999947451,0.017763500043656677,13938
roma,senza_chiusura,2000,2000,3,True,167360,167360,0.21617390000028536,0.017086700012441725,13938
torino,completa,50,50,1,True,3141,3141,0.005590000015217811,0.0002810999867506325,164
torino,completa,50,50,2,True,3141,3141,0.005212499992921948,0.00028799998108297586,164
torino,completa,50,50,3,True,3141,3141,0.005576299969106913,0.000291600008495152,164
torino,senza_chiusura,50,50,1,True,2131,2131,0.0048034999636001885,0.00028820004081353545,164
torino,senza_chiusura,50,50,2,True,2131,2131,0.004105400003027171,0.0002706999657675624,164
torino,senza_chiusura,50,50,3,True,2131,2131,0.005631399981211871,0.0002843000111170113,164
torino,senza_indice,50,50,1,True,7377,7377,0.011264300032053143,0.0003863000310957432,164
torino,senza_indice,50,50,2,True,7377,7377,0.00975029997061938,0.00036639999598264694,164
torino,senza_indice,50,50,3,True,7377,7377,0.010005200048908591,0.00035589997423812747,164
torino,completa,150,150,1,True,13862,13862,0.02092950005317107,0.0010719000129029155,688
torino,completa,150,150,2,True,13862,13862,0.020332299987785518,0.000997799972537905,688
torino,completa,150,150,3,True,13862,13862,0.02061659999890253,0.001076199987437576,688
torino,senza_chiusura,150,150,1,True,8984,8984,0.014211700006853789,0.0009367999737150967,688
torino,senza_chiusura,150,150,2,True,8984,8984,0.0142900999635458,0.0009052000241354108,688
torino,senza_chiusura,150,150,3,True,8984,8984,0.013347300002351403,0.000901399995200336,688
torino,senza_indice,150,150,1,True,55330,55330,0.06766420003259555,0.0017957999953068793,688
torino,senza_indice,150,150,2,True,55330,55330,0.06514720001723617,0.0018443999579176307,688
torino,senza_indice,150,150,3,True,55330,55330,0.0684328000061214,0.0018600000184960663,688
torino,completa,400,400,1,True,34018,34018,0.048520400014240295,0.00259280001046136,1616
torino,completa,400,400,2,True,34018,34018,0.04747380001936108,0.002211300015915185,1616
torino,completa,400,400,3,True,34018,34018,0.05914710002252832,0.0024263999657705426,1616
torino,senza_chiusura,400,400,1,True,21882,21882,0.036582799977622926,0.0022323000011965632,1616
torino,senza_chiusura,400,400,2,True,21882,21882,0.030945600010454655,0.0021960000158287585,1616
torino,senza_chiusura,400,400,3,True,21882,21882,0.03218629996990785,0.0022004999918863177,1616
torino,senza_indice,400,400,1,True,345082,345082,0.4694343999726698,0.008803399978205562,1616
torino,senza_indice,400,400,2,True,345082,345082,0.44130519998725504,0.008685700013302267,1616
torino,senza_indice,400,400,3,True,345082,345082,0.45132970000850037,0.01016969996271655,1616
torino,completa,1000,1000,1,True,136729,136729,0.24815970001509413,0.007141000009141862,4498
torino,completa,1000,1000,2,True,136729,136729,0.2548145999899134,0.008116699988022447,4498
torino,completa,1000,1000,3,True,136729,136729,0.23210859997197986,0.006437800009734929,4498
torino,senza_chiusura,1000,1000,1,True,61700,61700,0.11644309997791424,0.0067347000003792346,4498
torino,senza_chiusura,1000,1000,2,True,61700,61700,0.08988009998574853,0.0060659999726340175,4498
torino,senza_chiusura,1000,1000,3,True,61700,61700,0.094141400011722,0.006045099988114089,4498
torino,completa,2000,2000,1,True,438374,438374,0.9571451999945566,0.016243699996266514,9542
torino,completa,2000,2000,2,True,438374,438374,0.8751228000037372,0.02194399997824803,9542
torino,completa,2000,2000,3,True,438374,438374,0.8986799999838695,0.018904399999883026,9542
torino,senza_chiusura,2000,2000,1,True,129666,129666,0.1855325999786146,0.01359230000525713,9542
torino,senza_chiusura,2000,2000,2,True,129666,129666,0.20535439997911453,0.01434500003233552,9542
torino,senza_chiusura,2000,2000,3,True,129666,129666,0.19030229997588322,0.013949899992439896,9542
