citta,istanza,n_tappe,slack_cambi,cambi_max,dominio_medio,greedy_risolve,completo_risolve,greedy_fallisce_a_torto,nodi_greedy,nodi_completo,secondi_completo
roma,roma-000-t2,2,0,5,5.5,1,1,0,11,15,2.5599991204217076e-05
roma,roma-000-t2,2,1,6,5.5,1,1,0,11,15,1.3899989426136017e-05
roma,roma-000-t2,2,2,7,5.5,1,1,0,11,17,1.37000170070678e-05
roma,roma-000-t2,2,3,8,5.5,1,1,0,11,17,1.3100012438371778e-05
roma,roma-001-t2,2,0,2,17.0,0,0,0,34,64,1.999997766688466e-05
roma,roma-001-t2,2,1,3,17.0,0,0,0,34,124,3.0399998649954796e-05
roma,roma-001-t2,2,2,4,17.0,0,1,1,34,169,4.6299974201247096e-05
roma,roma-001-t2,2,3,5,17.0,1,1,0,34,199,6.399999256245792e-05
roma,roma-001-t3,3,0,5,14.33,0,0,0,43,64,2.3600005079060793e-05
roma,roma-001-t3,3,1,6,14.33,0,0,0,43,124,3.680001827888191e-05
roma,roma-001-t3,3,2,7,14.33,0,0,0,43,187,5.09000092279166e-05
roma,roma-001-t3,3,3,8,14.33,1,1,0,43,280,7.37000082153827e-05
roma,roma-001-t4,4,0,7,16.25,0,0,0,43,64,2.5599991204217076e-05
roma,roma-001-t4,4,1,8,16.25,0,0,0,65,124,3.960001049563289e-05
roma,roma-001-t4,4,2,9,16.25,0,0,0,65,187,5.3499999921768904e-05
roma,roma-001-t4,4,3,10,16.25,0,0,0,65,302,7.750000804662704e-05
roma,roma-002-t2,2,0,4,13.5,1,1,0,27,27,1.2999982573091984e-05
roma,roma-002-t2,2,1,5,13.5,1,1,0,27,27,1.4299992471933365e-05
roma,roma-002-t2,2,2,6,13.5,1,1,0,27,27,1.610000617802143e-05
roma,roma-002-t2,2,3,7,13.5,1,1,0,27,27,1.610000617802143e-05
roma,roma-002-t3,3,0,6,13.67,1,1,0,41,41,1.960000372491777e-05
roma,roma-002-t3,3,1,7,13.67,1,1,0,41,55,2.579999272711575e-05
roma,roma-002-t3,3,2,8,13.67,1,1,0,41,69,3.539997851476073e-05
roma,roma-002-t3,3,3,9,13.67,1,1,0,41,69,3.950000973418355e-05
roma,roma-002-t4,4,0,7,14.25,0,0,0,57,105,3.220001235604286e-05
roma,roma-002-t4,4,1,8,14.25,0,0,0,57,231,5.669999518431723e-05
roma,roma-002-t4,4,2,9,14.25,0,1,1,57,389,9.470002260059118e-05
roma,roma-002-t4,4,3,10,14.25,1,1,0,57,469,0.00013160001253709197
roma,roma-004-t2,2,0,5,10.0,1,1,0,20,20,1.09999964479357e-05
roma,roma-004-t2,2,1,6,10.0,1,1,0,20,27,1.550000160932541e-05
roma,roma-004-t2,2,2,7,10.0,1,1,0,20,34,1.990000600926578e-05
roma,roma-004-t2,2,3,8,10.0,1,1,0,20,34,2.069998299703002e-05
roma,roma-005-t2,2,0,5,10.5,0,0,0,21,15,8.300004992634058e-06
roma,roma-005-t2,2,1,6,10.5,1,1,0,21,33,1.5600002370774746e-05
roma,roma-005-t2,2,2,7,10.5,1,1,0,21,39,2.0000006770715117e-05
roma,roma-005-t2,2,3,8,10.5,1,1,0,21,39,2.0500010577961802e-05
roma,roma-005-t3,3,0,6,15.0,0,0,0,45,15,1.1199997970834374e-05
roma,roma-005-t3,3,1,7,15.0,0,0,0,45,201,4.700000863522291e-05
roma,roma-005-t3,3,2,8,15.0,1,1,0,45,399,9.14999982342124e-05
roma,roma-005-t3,3,3,9,15.0,1,1,0,45,423,0.00011759999324567616
roma,roma-005-t4,4,0,8,13.75,0,0,0,55,15,1.2800010154023767e-05
roma,roma-005-t4,4,1,9,13.75,0,0,0,55,201,6.19000056758523e-05
roma,roma-005-t4,4,2,10,13.75,0,0,0,55,479,0.00011940000695176423
roma,roma-005-t4,4,3,11,13.75,1,1,0,55,663,0.00017279997700825334
roma,roma-007-t2,2,0,4,10.0,0,0,0,20,20,9.500014130026102e-06
roma,roma-007-t2,2,1,5,10.0,1,1,0,20,29,1.4599994756281376e-05
roma,roma-007-t2,2,2,6,10.0,1,1,0,20,29,1.6799982404336333e-05
roma,roma-007-t2,2,3,7,10.0,1,1,0,20,29,1.829999382607639e-05
roma,roma-007-t3,3,0,6,12.67,0,0,0,38,20,1.4099990949034691e-05
roma,roma-007-t3,3,1,7,12.67,1,1,0,38,137,4.05999890062958e-05
roma,roma-007-t3,3,2,8,12.67,1,1,0,38,245,7.320000440813601e-05
roma,roma-007-t3,3,3,9,12.67,1,1,0,38,299,0.00011359999189153314
roma,roma-007-t4,4,0,7,16.25,0,0,0,65,20,1.780001912266016e-05
roma,roma-007-t4,4,1,8,16.25,0,0,0,65,299,7.770000956952572e-05
roma,roma-007-t4,4,2,9,16.25,0,0,0,65,1136,0.00024870000197552145
roma,roma-007-t4,4,3,10,16.25,0,1,1,65,2972,0.0006738000083714724
roma,roma-008-t2,2,0,4,20.5,0,1,1,41,74,2.4300010409206152e-05
roma,roma-008-t2,2,1,5,20.5,1,1,0,41,206,5.6800025049597025e-05
roma,roma-008-t2,2,2,6,20.5,1,1,0,41,206,6.910000229254365e-05
roma,roma-008-t2,2,3,7,20.5,1,1,0,41,206,8.049997268244624e-05
roma,roma-008-t3,3,0,7,21.33,0,0,0,64,74,2.3899978259578347e-05
roma,roma-008-t3,3,1,8,21.33,1,1,0,64,298,7.670000195503235e-05
roma,roma-008-t3,3,2,9,21.33,1,1,0,64,390,0.00010890001431107521
roma,roma-008-t3,3,3,10,21.33,1,1,0,64,482,0.0001419999753125012
roma,roma-008-t4,4,0,10,19.25,0,0,0,77,74,2.5899993488565087e-05
roma,roma-008-t4,4,1,11,19.25,1,1,0,77,376,9.2999980552122e-05
roma,roma-008-t4,4,2,12,19.25,1,1,0,77,572,0.0001564999984111637
roma,roma-008-t4,4,3,13,19.25,1,1,0,77,768,0.0002243000199086964
roma,roma-009-t2,2,0,4,22.5,1,1,0,45,54,2.1400017431005836e-05
roma,roma-009-t2,2,1,5,22.5,1,1,0,45,117,3.680001827888191e-05
roma,roma-009-t2,2,2,6,22.5,1,1,0,45,180,5.3000025218352675e-05
roma,roma-009-t2,2,3,7,22.5,1,1,0,45,216,6.819999543949962e-05
roma,roma-009-t3,3,0,7,16.33,0,0,0,49,54,2.1899992134422064e-05
roma,roma-009-t3,3,1,8,16.33,0,0,0,49,121,3.619998460635543e-05
roma,roma-009-t3,3,2,9,16.33,1,1,0,49,188,5.1700015319511294e-05
roma,roma-009-t3,3,3,10,16.33,1,1,0,49,224,6.009999196976423e-05
roma,roma-010-t2,2,0,6,19.0,1,1,0,38,71,2.7900008717551827e-05
roma,roma-010-t2,2,1,7,19.0,1,1,0,38,148,5.9999991208314896e-05
roma,roma-010-t2,2,2,8,19.0,1,1,0,38,148,7.049998384900391e-05
roma,roma-010-t2,2,3,9,19.0,1,1,0,38,148,7.000000914558768e-05
roma,roma-010-t3,3,0,8,16.33,0,0,0,49,137,3.7699996028095484e-05
roma,roma-010-t3,3,1,9,16.33,1,1,0,49,423,0.00010920001659542322
roma,roma-010-t3,3,2,10,16.33,1,1,0,49,511,0.00016190001042559743
roma,roma-010-t3,3,3,11,16.33,1,1,0,49,511,0.0001841000048443675
roma,roma-011-t2,2,0,2,20.0,0,0,0,40,21,1.1199997970834374e-05
roma,roma-011-t2,2,1,3,20.0,0,0,0,40,59,1.8399994587525725e-05
roma,roma-011-t2,2,2,4,20.0,0,1,1,40,135,3.309999010525644e-05
roma,roma-011-t2,2,3,5,20.0,1,1,0,40,173,4.839999019168317e-05
roma,roma-011-t3,3,0,3,19.67,0,0,0,40,21,1.4300021575763822e-05
roma,roma-011-t3,3,1,4,19.67,0,0,0,40,59,2.1599989850074053e-05
roma,roma-011-t3,3,2,5,19.67,0,0,0,59,154,4.119999357499182e-05
roma,roma-011-t3,3,3,6,19.67,0,1,1,59,306,7.079998613335192e-05
roma,roma-011-t4,4,0,5,22.0,0,0,0,59,21,1.7499987734481692e-05
roma,roma-011-t4,4,1,6,22.0,0,0,0,59,59,2.540001878514886e-05
roma,roma-011-t4,4,2,7,22.0,0,0,0,59,154,4.610000178217888e-05
roma,roma-011-t4,4,3,8,22.0,0,0,0,88,306,0.0001613000058569014
roma,roma-012-t2,2,0,3,30.5,0,0,0,61,34,1.680001150816679e-05
roma,roma-012-t2,2,1,4,30.5,0,0,0,61,115,2.9999995604157448e-05
roma,roma-012-t2,2,2,5,30.5,0,1,1,61,250,5.649999366141856e-05
roma,roma-012-t2,2,3,6,30.5,1,1,0,61,250,6.970000686123967e-05
roma,roma-012-t3,3,0,5,24.33,0,0,0,61,34,1.7200014553964138e-05
roma,roma-012-t3,3,1,6,24.33,0,0,0,73,115,3.5500008380040526e-05
roma,roma-012-t3,3,2,7,24.33,0,0,0,73,250,6.359998951666057e-05
roma,roma-012-t3,3,3,8,24.33,0,1,1,73,334,8.559998241253197e-05
roma,roma-012-t4,4,0,7,23.0,0,0,0,73,34,4.4500018702819943e-05
roma,roma-012-t4,4,1,8,23.0,0,0,0,73,115,4.019998596049845e-05
roma,roma-012-t4,4,2,9,23.0,0,0,0,73,250,6.739998934790492e-05
roma,roma-012-t4,4,3,10,23.0,0,0,0,73,334,8.47000046633184e-05
roma,roma-014-t2,2,0,5,13.0,1,1,0,26,66,2.5399989681318402e-05
roma,roma-014-t2,2,1,6,13.0,1,1,0,26,126,5.319999763742089e-05
roma,roma-014-t2,2,2,7,13.0,1,1,0,26,126,6.980000762268901e-05
roma,roma-014-t2,2,3,8,13.0,1,1,0,26,126,7.569999434053898e-05
roma,roma-014-t3,3,0,8,12.33,0,1,1,37,198,5.669999518431723e-05
roma,roma-014-t3,3,1,9,12.33,1,1,0,37,555,0.00015199999324977398
roma,roma-014-t3,3,2,10,12.33,1,1,0,37,753,0.00022289998014457524
roma,roma-014-t3,3,3,11,12.33,1,1,0,37,786,0.00025889999233186245
roma,roma-014-t4,4,0,8,15.75,0,0,0,37,198,5.539998528547585e-05
roma,roma-014-t4,4,1,9,15.75,0,0,0,63,789,0.00017659997683949769
roma,roma-014-t4,4,2,10,15.75,0,1,1,63,1455,0.0003240999940317124
roma,roma-014-t4,4,3,11,15.75,1,1,0,63,1800,0.0004710000066552311
roma,roma-015-t2,2,0,2,24.0,0,0,0,48,48,1.8099992303177714e-05
roma,roma-015-t2,2,1,3,24.0,0,1,1,48,180,4.849999095313251e-05
roma,roma-015-t2,2,2,4,24.0,1,1,0,48,180,5.2799994591623545e-05
roma,roma-015-t2,2,3,5,24.0,1,1,0,48,202,6.310001481324434e-05
roma,roma-015-t3,3,0,4,19.33,0,0,0,58,48,1.960000372491777e-05
roma,roma-015-t3,3,1,5,19.33,0,0,0,58,200,5.23999915458262e-05
roma,roma-015-t3,3,2,6,19.33,1,1,0,58,320,8.289999095723033e-05
roma,roma-015-t3,3,3,7,19.33,1,1,0,58,432,0.00010919998749159276
roma,roma-016-t2,2,0,7,5.5,1,1,0,11,14,1.1800002539530396e-05
roma,roma-016-t2,2,1,8,5.5,1,1,0,11,23,1.580000389367342e-05
roma,roma-016-t2,2,2,9,5.5,1,1,0,11,23,1.550000160932541e-05
roma,roma-016-t2,2,3,10,5.5,1,1,0,11,23,1.5400000847876072e-05
roma,roma-017-t2,2,0,5,23.5,0,1,1,47,78,2.759997732937336e-05
roma,roma-017-t2,2,1,6,23.5,1,1,0,47,140,5.180001608096063e-05
roma,roma-017-t2,2,2,7,23.5,1,1,0,47,140,5.810000584460795e-05
roma,roma-017-t2,2,3,8,23.5,1,1,0,47,140,5.570001667365432e-05
roma,roma-017-t3,3,0,7,19.0,0,1,1,57,108,3.409999771974981e-05
roma,roma-017-t3,3,1,8,19.0,0,1,1,57,260,7.789998198859394e-05
roma,roma-017-t3,3,2,9,19.0,1,1,0,57,340,0.0001120000088121742
roma,roma-017-t3,3,3,10,19.0,1,1,0,57,340,0.00011809999705292284
roma,roma-018-t2,2,0,8,4.0,1,1,0,8,12,1.069999416358769e-05
roma,roma-018-t2,2,1,9,4.0,1,1,0,8,12,1.0400020983070135e-05
roma,roma-018-t2,2,2,10,4.0,1,1,0,8,12,1.0000017937272787e-05
roma,roma-018-t2,2,3,11,4.0,1,1,0,8,12,1.0100018698722124e-05
roma,roma-018-t3,3,0,12,3.33,1,1,0,10,24,1.930000144056976e-05
roma,roma-018-t3,3,1,13,3.33,1,1,0,10,24,1.8699996871873736e-05
roma,roma-018-t3,3,2,14,3.33,1,1,0,10,24,1.889999839477241e-05
roma,roma-018-t3,3,3,15,3.33,1,1,0,10,24,1.8799997633323073e-05
roma,roma-019-t2,2,0,5,18.0,0,0,0,36,15,9.000010322779417e-06
roma,roma-019-t2,2,1,6,18.0,1,1,0,36,36,1.7399986973032355e-05
roma,roma-019-t2,2,2,7,18.0,1,1,0,36,36,2.2599997464567423e-05
roma,roma-019-t2,2,3,8,18.0,1,1,0,36,36,2.2899999748915434e-05
roma,roma-019-t3,3,0,7,23.67,0,0,0,71,15,1.3300013961270452e-05
roma,roma-019-t3,3,1,8,23.67,0,1,1,71,246,6.0399994254112244e-05
roma,roma-019-t3,3,2,9,23.67,1,1,0,71,561,0.00014109999756328762
roma,roma-019-t3,3,3,10,23.67,1,1,0,71,561,0.00019910000264644623
roma,roma-019-t4,4,0,8,21.0,0,0,0,71,15,1.5400000847876072e-05
roma,roma-019-t4,4,1,9,21.0,0,0,0,84,246,6.920000305399299e-05
roma,roma-019-t4,4,2,10,21.0,0,0,0,84,639,0.00015619999612681568
roma,roma-019-t4,4,3,11,21.0,0,1,1,84,1107,0.00025209999876096845
roma,roma-021-t2,2,0,3,14.0,1,1,0,28,76,2.8300011763349175e-05
roma,roma-021-t2,2,1,4,14.0,1,1,0,28,160,6.730001769028604e-05
roma,roma-021-t2,2,2,5,14.0,1,1,0,28,184,8.880000677891076e-05
roma,roma-021-t2,2,3,6,14.0,1,1,0,28,184,0.00010050000855699182
roma,roma-022-t2,2,0,5,19.5,0,0,0,39,39,1.5300000086426735e-05
roma,roma-022-t2,2,1,6,19.5,1,1,0,39,39,1.5700003132224083e-05
roma,roma-022-t2,2,2,7,19.5,1,1,0,39,39,1.889999839477241e-05
roma,roma-022-t2,2,3,8,19.5,1,1,0,39,39,2.2499996703118086e-05
roma,roma-022-t3,3,0,9,13.67,0,0,0,41,39,1.7099984688684344e-05
roma,roma-022-t3,3,1,10,13.67,0,0,0,41,41,1.8099992303177714e-05
roma,roma-022-t3,3,2,11,13.67,1,1,0,41,43,2.0100007532164454e-05
roma,roma-022-t3,3,3,12,13.67,1,1,0,41,43,1.9400002202019095e-05
roma,roma-022-t4,4,0,12,12.5,0,0,0,50,39,1.829999382607639e-05
roma,roma-022-t4,4,1,13,12.5,0,0,0,50,41,1.9099999917671084e-05
roma,roma-022-t4,4,2,14,12.5,1,1,0,50,61,2.7400004910305142e-05
roma,roma-022-t4,4,3,15,12.5,1,1,0,50,61,3.29999893438071e-05
roma,roma-023-t2,2,0,3,29.5,0,0,0,59,30,1.479999627918005e-05
roma,roma-023-t2,2,1,4,29.5,0,1,1,59,88,2.61999957729131e-05
roma,roma-023-t2,2,2,5,29.5,0,1,1,59,204,5.2400020649656653e-05
roma,roma-023-t2,2,3,6,29.5,1,1,0,59,320,8.840000373311341e-05
roma,roma-023-t3,3,0,5,27.67,0,0,0,59,30,1.810002140700817e-05
roma,roma-023-t3,3,1,6,27.67,0,0,0,83,112,3.37999954354018e-05
roma,roma-023-t3,3,2,7,27.67,0,1,1,83,300,7.149999146349728e-05
roma,roma-023-t3,3,3,8,27.67,0,1,1,83,560,0.0001312999811489135
roma,roma-023-t4,4,0,5,30.75,0,0,0,59,30,2.2599997464567423e-05
roma,roma-023-t4,4,1,6,30.75,0,0,0,83,112,3.819999983534217e-05
roma,roma-023-t4,4,2,7,30.75,0,0,0,83,340,8.05000017862767e-05
roma,roma-023-t4,4,3,8,30.75,0,0,0,83,720,0.00015869998605921865
torino,torino-000-t2,2,0,3,14.5,0,1,1,29,36,1.719998545013368e-05
torino,torino-000-t2,2,1,4,14.5,0,1,1,29,57,2.409997978247702e-05
torino,torino-000-t2,2,2,5,14.5,1,1,0,29,85,3.229998401366174e-05
torino,torino-000-t2,2,3,6,14.5,1,1,0,29,99,3.809999907389283e-05
torino,torino-000-t3,3,0,6,13.33,0,0,0,40,36,1.680001150816679e-05
torino,torino-000-t3,3,1,7,13.33,0,0,0,40,57,2.1599989850074053e-05
torino,torino-000-t3,3,2,8,13.33,0,0,0,40,85,2.9099988751113415e-05
torino,torino-000-t3,3,3,9,13.33,1,1,0,40,143,5.0799979362636805e-05
torino,torino-000-t4,4,0,8,12.5,0,0,0,40,36,1.889999839477241e-05
torino,torino-000-t4,4,1,9,12.5,0,0,0,50,57,2.340000355616212e-05
torino,torino-000-t4,4,2,10,12.5,0,0,0,50,85,3.100000321865082e-05
torino,torino-000-t4,4,3,11,12.5,1,1,0,50,183,5.85000088904053e-05
torino,torino-001-t2,2,0,6,7.5,1,1,0,15,28,1.7399986973032355e-05
torino,torino-001-t2,2,1,7,7.5,1,1,0,15,28,2.1899992134422064e-05
torino,torino-001-t2,2,2,8,7.5,1,1,0,15,28,2.13000166695565e-05
torino,torino-001-t2,2,3,9,7.5,1,1,0,15,28,2.1400017431005836e-05
torino,torino-001-t3,3,0,8,10.33,1,1,0,31,220,6.349998875521123e-05
torino,torino-001-t3,3,1,9,10.33,1,1,0,31,316,9.679998038336635e-05
torino,torino-001-t3,3,2,10,10.33,1,1,0,31,316,0.00010289999772794545
torino,torino-001-t3,3,3,11,10.33,1,1,0,31,316,0.00010219999239780009
torino,torino-001-t4,4,0,11,9.25,1,1,0,37,268,6.86999992467463e-05
torino,torino-001-t4,4,1,12,9.25,1,1,0,37,436,0.00011190000805072486
torino,torino-001-t4,4,2,13,9.25,1,1,0,37,460,0.0001202999847009778
torino,torino-001-t4,4,3,14,9.25,1,1,0,37,460,0.00012069998774677515
torino,torino-002-t2,2,0,3,22.0,0,0,0,44,28,1.3899989426136017e-05
torino,torino-002-t2,2,1,4,22.0,0,0,0,44,156,3.6600016755983233e-05
torino,torino-002-t2,2,2,5,22.0,0,1,1,44,284,6.790002225898206e-05
torino,torino-002-t2,2,3,6,22.0,1,1,0,44,284,8.519997936673462e-05
torino,torino-003-t2,2,0,2,15.0,1,1,0,30,54,2.0099978428333998e-05
torino,torino-003-t2,2,1,3,15.0,1,1,0,30,78,2.8499984182417393e-05
torino,torino-003-t2,2,2,4,15.0,1,1,0,30,78,2.9099988751113415e-05
torino,torino-003-t2,2,3,5,15.0,1,1,0,30,78,2.9199989512562752e-05
torino,torino-003-t3,3,0,4,14.0,0,0,0,42,54,1.999997766688466e-05
torino,torino-003-t3,3,1,5,14.0,1,1,0,42,114,3.429999924264848e-05
torino,torino-003-t3,3,2,6,14.0,1,1,0,42,126,3.9399979868903756e-05
torino,torino-003-t3,3,3,7,14.0,1,1,0,42,126,3.980001201853156e-05
torino,torino-003-t4,4,0,6,15.5,0,0,0,62,54,2.3100001271814108e-05
torino,torino-003-t4,4,1,7,15.5,1,1,0,62,214,5.7600002037361264e-05
torino,torino-003-t4,4,2,8,15.5,1,1,0,62,346,8.769999840296805e-05
torino,torino-003-t4,4,3,9,15.5,1,1,0,62,366,0.00010230002226307988
torino,torino-004-t2,2,0,4,10.5,0,0,0,21,10,8.199975127354264e-06
torino,torino-004-t2,2,1,5,10.5,0,0,0,21,98,2.509998739697039e-05
torino,torino-004-t2,2,2,6,10.5,1,1,0,21,98,3.6500015994533896e-05
torino,torino-004-t2,2,3,7,10.5,1,1,0,21,98,4.3599982745945454e-05
torino,torino-005-t2,2,0,3,10.0,0,0,0,20,32,1.2499978765845299e-05
torino,torino-005-t2,2,1,4,10.0,1,1,0,20,62,2.13000166695565e-05
torino,torino-005-t2,2,2,5,10.0,1,1,0,20,62,2.5200017262250185e-05
torino,torino-005-t2,2,3,6,10.0,1,1,0,20,62,2.4899985874071717e-05
torino,torino-005-t3,3,0,4,13.67,0,0,0,41,32,1.6799982404336333e-05
torino,torino-005-t3,3,1,5,13.67,0,0,0,41,167,4.279997665435076e-05
torino,torino-005-t3,3,2,6,13.67,1,1,0,41,335,7.730000652372837e-05
torino,torino-005-t3,3,3,7,13.67,1,1,0,41,335,9.440002031624317e-05
torino,torino-005-t4,4,0,6,17.0,0,0,0,68,32,2.1000014385208488e-05
torino,torino-005-t4,4,1,7,17.0,0,0,0,68,167,5.220001912675798e-05
torino,torino-005-t4,4,2,8,17.0,1,1,0,68,605,0.0001689000055193901
torino,torino-005-t4,4,3,9,17.0,1,1,0,68,1307,0.0004056000034324825
torino,torino-006-t2,2,0,1,26.5,0,0,0,53,53,1.829999382607639e-05
torino,torino-006-t2,2,1,2,26.5,0,1,1,53,131,3.270001616328955e-05
torino,torino-006-t2,2,2,3,26.5,1,1,0,53,261,6.200000643730164e-05
torino,torino-006-t2,2,3,4,26.5,1,1,0,53,287,8.090000483207405e-05
torino,torino-006-t3,3,0,2,22.67,0,0,0,53,53,2.090001362375915e-05
torino,torino-006-t3,3,1,3,22.67,0,0,0,53,131,3.480000304989517e-05
torino,torino-006-t3,3,2,4,22.67,0,0,0,68,276,6.379999103955925e-05
torino,torino-006-t3,3,3,5,22.67,0,1,1,68,362,8.47000046633184e-05
torino,torino-006-t4,4,0,4,19.75,0,0,0,68,53,0.0004070999857503921
torino,torino-006-t4,4,1,5,19.75,0,0,0,68,131,0.00011279998579993844
torino,torino-006-t4,4,2,6,19.75,0,0,0,79,276,0.0001016999885905534
torino,torino-006-t4,4,3,7,19.75,0,1,1,79,406,0.00010419997852295637
torino,torino-009-t2,2,0,3,21.5,0,0,0,43,37,1.6400008462369442e-05
torino,torino-009-t2,2,1,4,21.5,1,1,0,43,85,3.480000304989517e-05
torino,torino-009-t2,2,2,5,21.5,1,1,0,43,139,5.859998054802418e-05
torino,torino-009-t2,2,3,6,21.5,1,1,0,43,187,8.319999324157834e-05
torino,torino-009-t3,3,0,6,16.33,0,0,0,49,37,1.8399994587525725e-05
torino,torino-009-t3,3,1,7,16.33,1,1,0,49,169,7.189999450929463e-05
torino,torino-009-t3,3,2,8,16.33,1,1,0,49,397,0.00018839997937902808
torino,torino-009-t3,3,3,9,16.33,1,1,0,49,637,0.00033080001594498754
torino,torino-009-t4,4,0,7,14.0,0,0,0,56,37,1.9500002963468432e-05
torino,torino-009-t4,4,1,8,14.0,0,0,0,56,463,0.00014799999189563096
torino,torino-009-t4,4,2,9,14.0,1,1,0,56,1594,0.000520200002938509
torino,torino-009-t4,4,3,10,14.0,1,1,0,56,3115,0.001121000008424744
torino,torino-010-t2,2,0,3,17.5,0,1,1,35,48,1.789999078027904e-05
torino,torino-010-t2,2,1,4,17.5,1,1,0,35,74,2.829998265951872e-05
torino,torino-010-t2,2,2,5,17.5,1,1,0,35,100,4.1000021155923605e-05
torino,torino-010-t2,2,3,6,17.5,1,1,0,35,100,5.139998393133283e-05
torino,torino-010-t3,3,0,5,18.67,0,0,0,56,111,3.1800009310245514e-05
torino,torino-010-t3,3,1,6,18.67,0,1,1,56,326,8.379999781027436e-05
torino,torino-010-t3,3,2,7,18.67,1,1,0,56,583,0.00016629998572170734
torino,torino-010-t3,3,3,8,18.67,1,1,0,56,709,0.00023019997752271593
torino,torino-010-t4,4,0,7,16.0,0,0,0,64,111,3.709999145939946e-05
torino,torino-010-t4,4,1,8,16.0,0,1,1,64,406,0.00011190000805072486
torino,torino-010-t4,4,2,9,16.0,0,1,1,64,1063,0.0002792000013869256
torino,torino-010-t4,4,3,10,16.0,1,1,0,64,1637,0.00047199998516589403
torino,torino-011-t2,2,0,3,12.0,0,1,1,24,66,2.1899992134422064e-05
torino,torino-011-t2,2,1,4,12.0,0,1,1,24,150,4.090002039447427e-05
torino,torino-011-t2,2,2,5,12.0,1,1,0,24,150,5.020000389777124e-05
torino,torino-011-t2,2,3,6,12.0,1,1,0,24,150,6.170000415295362e-05
torino,torino-011-t3,3,0,5,10.67,0,0,0,32,82,2.549999044276774e-05
torino,torino-011-t3,3,1,6,10.67,0,1,1,32,190,5.190001684240997e-05
torino,torino-011-t3,3,2,7,10.67,0,1,1,32,254,6.960000609979033e-05
torino,torino-011-t3,3,3,8,10.67,1,1,0,32,294,8.890000754036009e-05
torino,torino-011-t4,4,0,7,11.0,0,0,0,32,82,2.8400012524798512e-05
torino,torino-011-t4,4,1,8,11.0,0,1,1,44,214,6.320001557469368e-05
torino,torino-011-t4,4,2,9,11.0,0,1,1,44,374,0.00011800002539530396
torino,torino-011-t4,4,3,10,11.0,1,1,0,44,582,0.00020149999181739986
torino,torino-012-t2,2,0,5,11.0,0,1,1,22,22,1.1299998732283711e-05
torino,torino-012-t2,2,1,6,11.0,1,1,0,22,40,1.7799990018829703e-05
torino,torino-012-t2,2,2,7,11.0,1,1,0,22,40,2.039998071268201e-05
torino,torino-012-t2,2,3,8,11.0,1,1,0,22,40,2.1599989850074053e-05
torino,torino-012-t3,3,0,7,11.67,0,1,1,35,48,1.9500002963468432e-05
torino,torino-012-t3,3,1,8,11.67,1,1,0,35,157,5.319999763742089e-05
torino,torino-012-t3,3,2,9,11.67,1,1,0,35,235,8.260001777671278e-05
torino,torino-012-t3,3,3,10,11.67,1,1,0,35,274,9.950000094249845e-05
torino,torino-012-t4,4,0,8,12.5,0,0,0,50,48,2.0100007532164454e-05
torino,torino-012-t4,4,1,9,12.5,1,1,0,50,217,6.10999995842576e-05
torino,torino-012-t4,4,2,10,12.5,1,1,0,50,355,9.539999882690609e-05
torino,torino-012-t4,4,3,11,12.5,1,1,0,50,394,0.00011409999569877982
torino,torino-015-t2,2,0,5,11.0,1,1,0,22,22,1.1800002539530396e-05
torino,torino-015-t2,2,1,6,11.0,1,1,0,22,31,1.7000013031065464e-05
torino,torino-015-t2,2,2,7,11.0,1,1,0,22,49,2.549999044276774e-05
torino,torino-015-t2,2,3,8,11.0,1,1,0,22,49,2.910001785494387e-05
torino,torino-015-t3,3,0,6,12.33,0,0,0,37,52,1.9099999917671084e-05
torino,torino-015-t3,3,1,7,12.33,0,0,0,37,91,2.7700007194653153e-05
torino,torino-015-t3,3,2,8,12.33,1,1,0,37,169,5.290002445690334e-05
torino,torino-015-t3,3,3,9,12.33,1,1,0,37,169,6.880000000819564e-05
torino,torino-019-t2,2,0,1,14.5,0,0,0,29,14,8.599978173151612e-06
torino,torino-019-t2,2,1,2,14.5,0,1,1,29,29,1.2699980288743973e-05
torino,torino-019-t2,2,2,3,14.5,1,1,0,29,104,3.200001083314419e-05
torino,torino-019-t2,2,3,4,14.5,1,1,0,29,134,4.129999433644116e-05
torino,torino-019-t3,3,0,3,14.67,0,0,0,29,14,1.1699972674250603e-05
torino,torino-019-t3,3,1,4,14.67,0,0,0,29,29,1.550000160932541e-05
torino,torino-019-t3,3,2,5,14.67,0,0,0,44,104,3.070000093430281e-05
torino,torino-019-t3,3,3,6,14.67,0,0,0,44,134,3.630001447163522e-05
torino,torino-019-t4,4,0,5,13.75,0,0,0,44,14,1.3500015484169126e-05
torino,torino-019-t4,4,1,6,13.75,0,0,0,44,29,1.610000617802143e-05
torino,torino-019-t4,4,2,7,13.75,0,0,0,55,104,3.2199983252212405e-05
torino,torino-019-t4,4,3,8,13.75,0,0,0,55,134,3.919997834600508e-05
torino,torino-021-t2,2,0,5,9.0,1,1,0,18,18,1.0000017937272787e-05
torino,torino-021-t2,2,1,6,9.0,1,1,0,18,24,1.3100012438371778e-05
torino,torino-021-t2,2,2,7,9.0,1,1,0,18,24,1.279998105019331e-05
torino,torino-021-t2,2,3,8,9.0,1,1,0,18,24,1.270000939257443e-05
torino,torino-021-t3,3,0,6,9.0,1,1,0,27,36,1.750001683831215e-05
torino,torino-021-t3,3,1,7,9.0,1,1,0,27,69,3.460000152699649e-05
torino,torino-021-t3,3,2,8,9.0,1,1,0,27,69,4.25000034738332e-05
torino,torino-021-t3,3,3,9,9.0,1,1,0,27,69,4.2100000428035855e-05
torino,torino-021-t4,4,0,8,10.75,1,1,0,43,132,4.67000063508749e-05
torino,torino-021-t4,4,1,9,10.75,1,1,0,43,501,0.0001865000231191516
torino,torino-021-t4,4,2,10,10.75,1,1,0,43,789,0.000305499997921288
torino,torino-021-t4,4,3,11,10.75,1,1,0,43,789,0.000391699984902516
torino,torino-022-t2,2,0,4,16.0,0,1,1,32,32,1.3200013199821115e-05
torino,torino-022-t2,2,1,5,16.0,1,1,0,32,51,2.020000829361379e-05
torino,torino-022-t2,2,2,6,16.0,1,1,0,32,51,2.3999979021027684e-05
torino,torino-022-t2,2,3,7,16.0,1,1,0,32,51,2.509998739697039e-05
torino,torino-022-t3,3,0,6,12.67,0,0,0,38,32,1.37000170070678e-05
torino,torino-022-t3,3,1,7,12.67,0,1,1,38,69,2.720000338740647e-05
torino,torino-022-t3,3,2,8,12.67,0,1,1,38,111,4.2100000428035855e-05
torino,torino-022-t3,3,3,9,12.67,1,1,0,38,141,5.740000051446259e-05
torino,torino-022-t4,4,0,9,11.25,0,0,0,45,32,1.5900004655122757e-05
torino,torino-022-t4,4,1,10,11.25,0,1,1,45,104,4.350001108832657e-05
torino,torino-022-t4,4,2,11,11.25,0,1,1,45,251,0.00010710000060498714
torino,torino-022-t4,4,3,12,11.25,1,1,0,45,428,0.00020509999012574553
torino,torino-023-t2,2,0,4,16.5,1,1,0,33,33,1.479999627918005e-05
torino,torino-023-t2,2,1,5,16.5,1,1,0,33,61,2.2799998987466097e-05
torino,torino-023-t2,2,2,6,16.5,1,1,0,33,61,2.789997961372137e-05
torino,torino-023-t2,2,3,7,16.5,1,1,0,33,61,2.9600021662190557e-05
torino,torino-024-t2,2,0,4,14.0,0,0,0,28,16,9.099981980398297e-06
torino,torino-024-t2,2,1,5,14.0,0,0,0,28,64,1.8399994587525725e-05
torino,torino-024-t2,2,2,6,14.0,1,1,0,28,64,2.3800006601959467e-05
torino,torino-024-t2,2,3,7,14.0,1,1,0,28,64,3.090000245720148e-05
torino,torino-024-t3,3,0,5,15.0,0,0,0,28,16,1.1399999493733048e-05
torino,torino-024-t3,3,1,6,15.0,0,0,0,45,64,2.3500004317611456e-05
torino,torino-024-t3,3,2,7,15.0,1,1,0,45,166,4.73999825771898e-05
torino,torino-024-t3,3,3,8,15.0,1,1,0,45,268,7.819998427294195e-05
torino,torino-024-t4,4,0,6,15.0,0,0,0,45,16,1.3599987141788006e-05
torino,torino-024-t4,4,1,7,15.0,0,0,0,60,64,2.61999957729131e-05
torino,torino-024-t4,4,2,8,15.0,0,0,0,60,316,7.609999738633633e-05
torino,torino-024-t4,4,3,9,15.0,0,1,1,60,628,0.00015049998182803392
