citta,coppia,origine,destinazione,variante,ammissibile,velocita_m_s,tipo_velocita,trovato,minuti_arrivo,cambi,espansi,secondi,ottimo,pareto_soluzioni
roma,1,75082,75714,astar_ammissibile,True,82.54089895318562,massimo,True,45.63333333333333,3.0,6882,0.20912379999981567,True,
roma,1,75082,75714,dijkstra,True,,nessuna,True,45.63333333333333,3.0,7640,0.1259015000000545,True,
roma,1,75082,75714,astar_cambi_proiettati,True,82.54089895318562,massimo,True,45.63333333333333,3.0,2161,0.06385899999986577,True,
roma,1,75082,75714,astar_p999,False,15.344100046923574,p99.9,True,45.63333333333333,3.0,4400,0.1435881000002155,True,
roma,1,75082,75714,pareto,True,,nessuna,True,45.63333333333333,,55291,1.1625502000001688,,7.0
roma,2,76502,70302,astar_ammissibile,True,82.54089895318562,massimo,True,74.85,4.0,20853,0.4551496999997653,True,
roma,2,76502,70302,dijkstra,True,,nessuna,True,74.85,4.0,21778,0.2802741000000424,True,
roma,2,76502,70302,astar_cambi_proiettati,True,82.54089895318562,massimo,True,86.76666666666667,4.0,10874,0.18450660000007701,False,
roma,2,76502,70302,astar_p999,False,15.344100046923574,p99.9,True,74.85,4.0,17136,0.431977299999744,True,
roma,2,76502,70302,pareto,True,,nessuna,True,74.85,,52699,1.1566027000003487,,6.0
roma,3,80217,70643,astar_ammissibile,True,82.54089895318562,massimo,True,56.5,4.0,25847,0.6730000000002292,True,
roma,3,80217,70643,dijkstra,True,,nessuna,True,56.5,4.0,27545,0.47287249999999403,True,
roma,3,80217,70643,astar_cambi_proiettati,True,82.54089895318562,massimo,True,56.5,4.0,10031,0.2523721999996269,True,
roma,3,80217,70643,astar_p999,False,15.344100046923574,p99.9,True,56.5,4.0,19191,0.6534581000000799,True,
roma,3,80217,70643,pareto,True,,nessuna,True,56.5,,95530,2.5261059999997997,,9.0
roma,4,76847,73326,astar_ammissibile,True,82.54089895318562,massimo,False,,,33518,0.4367471000000478,,
roma,4,76847,73326,dijkstra,True,,nessuna,False,,,33518,0.316676599999937,,
roma,4,76847,73326,astar_cambi_proiettati,True,82.54089895318562,massimo,False,,,7399,0.08973499999956402,,
roma,4,76847,73326,astar_p999,False,15.344100046923574,p99.9,False,,,33518,0.4455835999997362,,
roma,4,76847,73326,pareto,True,,nessuna,False,,,38062,0.9476211000001058,,0.0
roma,5,71581,75497,astar_ammissibile,True,82.54089895318562,massimo,True,74.36666666666666,4.0,41531,0.9540547000001425,True,
roma,5,71581,75497,dijkstra,True,,nessuna,True,74.36666666666666,4.0,44072,0.62169780000022,True,
roma,5,71581,75497,astar_cambi_proiettati,True,82.54089895318562,massimo,True,74.36666666666666,4.0,12795,0.2535735999999815,True,
roma,5,71581,75497,astar_p999,False,15.344100046923574,p99.9,True,74.36666666666666,4.0,32054,0.8238576999997349,True,
roma,5,71581,75497,pareto,True,,nessuna,True,74.36666666666666,,138564,4.338591700000052,,8.0
roma,6,72174,71265,astar_ammissibile,True,82.54089895318562,massimo,True,60.86666666666667,3.0,6574,0.1619394999997894,True,
roma,6,72174,71265,dijkstra,True,,nessuna,True,60.86666666666667,3.0,7069,0.08837369999992006,True,
roma,6,72174,71265,astar_cambi_proiettati,True,82.54089895318562,massimo,True,60.86666666666667,3.0,2151,0.05155800000011368,True,
roma,6,72174,71265,astar_p999,False,15.344100046923574,p99.9,True,60.86666666666667,3.0,4740,0.12520469999981287,True,
roma,6,72174,71265,pareto,True,,nessuna,True,60.86666666666667,,24630,0.36985609999965163,,5.0
roma,7,71153,74288,astar_ammissibile,True,82.54089895318562,massimo,True,15.133333333333333,1.0,393,0.02622109999992972,True,
roma,7,71153,74288,dijkstra,True,,nessuna,True,15.133333333333333,1.0,431,0.013965599999664846,True,
roma,7,71153,74288,astar_cambi_proiettati,True,82.54089895318562,massimo,True,15.133333333333333,1.0,129,0.009626900000057503,True,
roma,7,71153,74288,astar_p999,False,15.344100046923574,p99.9,True,15.133333333333333,1.0,287,0.020768300000327145,True,
roma,7,71153,74288,pareto,True,,nessuna,True,15.133333333333333,,17635,0.1809341999996832,,7.0
roma,8,70600,71822,astar_ammissibile,True,82.54089895318562,massimo,True,52.06666666666667,4.0,42760,1.260983699999997,True,
roma,8,70600,71822,dijkstra,True,,nessuna,True,52.06666666666667,4.0,47708,0.7927725999998074,True,
roma,8,70600,71822,astar_cambi_proiettati,True,82.54089895318562,massimo,True,52.06666666666667,4.0,14140,0.37616539999999077,True,
roma,8,70600,71822,astar_p999,False,15.344100046923574,p99.9,True,52.06666666666667,4.0,25097,0.8891770000000179,True,
roma,8,70600,71822,pareto,True,,nessuna,True,52.06666666666667,,159631,4.487875599999825,,11.0
roma,9,71056,76439,astar_ammissibile,True,82.54089895318562,massimo,True,36.766666666666666,4.0,12095,0.4744218999999248,True,
roma,9,71056,76439,dijkstra,True,,nessuna,True,36.766666666666666,4.0,13051,0.26180329999988317,True,
roma,9,71056,76439,astar_cambi_proiettati,True,82.54089895318562,massimo,True,36.766666666666666,4.0,3930,0.1369619000001876,True,
roma,9,71056,76439,astar_p999,False,15.344100046923574,p99.9,True,36.766666666666666,4.0,8851,0.36711620000005496,True,
roma,9,71056,76439,pareto,True,,nessuna,True,36.766666666666666,,70736,1.1481228000002375,,8.0
roma,10,81855,70294,astar_ammissibile,True,82.54089895318562,massimo,True,54.666666666666664,3.0,10751,0.26803160000008575,True,
roma,10,81855,70294,dijkstra,True,,nessuna,True,54.666666666666664,3.0,11330,0.1839073000001008,True,
roma,10,81855,70294,astar_cambi_proiettati,True,82.54089895318562,massimo,True,54.666666666666664,3.0,3730,0.09736360000033528,True,
roma,10,81855,70294,astar_p999,False,15.344100046923574,p99.9,True,54.666666666666664,3.0,8509,0.2606498999998621,True,
roma,10,81855,70294,pareto,True,,nessuna,True,54.666666666666664,,35069,0.4741753999996945,,6.0
roma,11,72261,71178,astar_ammissibile,True,82.54089895318562,massimo,True,71.73333333333333,3.0,37689,0.9326531000001523,True,
roma,11,72261,71178,dijkstra,True,,nessuna,True,71.73333333333333,3.0,41603,0.6212219000003643,True,
roma,11,72261,71178,astar_cambi_proiettati,True,82.54089895318562,massimo,True,71.73333333333333,3.0,13666,0.30103979999967123,True,
roma,11,72261,71178,astar_p999,False,15.344100046923574,p99.9,True,71.73333333333333,3.0,24301,0.6902644000001601,True,
roma,11,72261,71178,pareto,True,,nessuna,True,71.73333333333333,,113195,3.1053617000002305,,5.0
roma,12,70868,71476,astar_ammissibile,True,82.54089895318562,massimo,True,41.833333333333336,2.0,911,0.025189799999679963,True,
roma,12,70868,71476,dijkstra,True,,nessuna,True,41.833333333333336,2.0,991,0.012707599999885133,True,
roma,12,70868,71476,astar_cambi_proiettati,True,82.54089895318562,massimo,True,41.833333333333336,2.0,264,0.009612299999844254,True,
roma,12,70868,71476,astar_p999,False,15.344100046923574,p99.9,True,41.833333333333336,2.0,620,0.017662600000221573,True,
roma,12,70868,71476,pareto,True,,nessuna,True,41.833333333333336,,2304,0.01678219999985231,,3.0
roma,13,70145,76112,astar_ammissibile,True,82.54089895318562,massimo,True,91.88333333333334,4.0,47010,0.88354580000032,True,
roma,13,70145,76112,dijkstra,True,,nessuna,True,91.88333333333334,4.0,53993,0.5995807999997851,True,
roma,13,70145,76112,astar_cambi_proiettati,True,82.54089895318562,massimo,False,,,30136,0.343653699999777,,
roma,13,70145,76112,astar_p999,False,15.344100046923574,p99.9,True,91.88333333333334,4.0,23228,0.5488414999999804,True,
roma,13,70145,76112,pareto,True,,nessuna,True,91.88333333333334,,95479,2.575306200000341,,2.0
roma,14,74319,75217,astar_ammissibile,True,82.54089895318562,massimo,True,55.53333333333333,4.0,27820,0.860989299999801,True,
roma,14,74319,75217,dijkstra,True,,nessuna,True,55.53333333333333,4.0,29762,0.5212162999996508,True,
roma,14,74319,75217,astar_cambi_proiettati,True,82.54089895318562,massimo,True,55.53333333333333,4.0,9546,0.2614962000002379,True,
roma,14,74319,75217,astar_p999,False,15.344100046923574,p99.9,True,55.53333333333333,4.0,20912,0.6873943000000509,True,
roma,14,74319,75217,pareto,True,,nessuna,True,55.53333333333333,,145035,4.314656300000024,,8.0
roma,15,72496,80408,astar_ammissibile,True,82.54089895318562,massimo,True,87.33333333333333,4.0,56367,1.1082728000001225,True,
roma,15,72496,80408,dijkstra,True,,nessuna,True,87.33333333333333,4.0,62067,0.8410955999997896,True,
roma,15,72496,80408,astar_cambi_proiettati,True,82.54089895318562,massimo,True,91.96666666666667,4.0,18597,0.29080770000018674,False,
roma,15,72496,80408,astar_p999,False,15.344100046923574,p99.9,True,87.33333333333333,4.0,35031,0.7826232000002165,True,
roma,15,72496,80408,pareto,True,,nessuna,True,87.33333333333333,,138392,4.861698700000034,,6.0
roma,16,71198,82263,astar_ammissibile,True,82.54089895318562,massimo,True,75.5,4.0,53510,1.118803200000002,True,
roma,16,71198,82263,dijkstra,True,,nessuna,True,75.5,4.0,57346,0.7440323000000717,True,
roma,16,71198,82263,astar_cambi_proiettati,True,82.54089895318562,massimo,True,75.5,4.0,17126,0.3047092000001612,True,
roma,16,71198,82263,astar_p999,False,15.344100046923574,p99.9,True,75.5,4.0,38167,0.9026057000000947,True,
roma,16,71198,82263,pareto,True,,nessuna,True,75.5,,125594,3.8277235999998993,,5.0
roma,17,81792,77191,astar_ammissibile,True,82.54089895318562,massimo,True,108.43333333333334,4.0,74911,1.1947900000000118,True,
roma,17,81792,77191,dijkstra,True,,nessuna,True,108.43333333333334,4.0,82218,0.889611099999911,True,
roma,17,81792,77191,astar_cambi_proiettati,True,82.54089895318562,massimo,True,108.43333333333334,4.0,32446,0.4616889999997511,True,
roma,17,81792,77191,astar_p999,False,15.344100046923574,p99.9,True,108.43333333333334,4.0,45526,0.9196497000002637,True,
roma,17,81792,77191,pareto,True,,nessuna,True,108.43333333333334,,109316,3.468030799999724,,2.0
roma,18,75782,78712,astar_ammissibile,True,82.54089895318562,massimo,True,78.3,4.0,51023,1.0384785999999622,True,
roma,18,75782,78712,dijkstra,True,,nessuna,True,78.3,4.0,54800,0.7687987999997858,True,
roma,18,75782,78712,astar_cambi_proiettati,True,82.54089895318562,massimo,True,89.5,4.0,29416,0.46848869999985254,False,
roma,18,75782,78712,astar_p999,False,15.344100046923574,p99.9,True,78.3,4.0,36385,0.8834353000002011,True,
roma,18,75782,78712,pareto,True,,nessuna,True,78.3,,134111,4.4913259999998445,,6.0
roma,19,74919,75365,astar_ammissibile,True,82.54089895318562,massimo,False,,,129888,1.981828399999813,,
roma,19,74919,75365,dijkstra,True,,nessuna,False,,,129888,1.4715479999999843,,
roma,19,74919,75365,astar_cambi_proiettati,True,82.54089895318562,massimo,False,,,41229,0.5179609000001619,,
roma,19,74919,75365,astar_p999,False,15.344100046923574,p99.9,False,,,129888,1.9454389000002266,,
roma,19,74919,75365,pareto,True,,nessuna,False,,,158988,5.963441199999579,,0.0
roma,20,77726,71218,astar_ammissibile,True,82.54089895318562,massimo,True,111.26666666666667,4.0,12298,0.18322559999978694,True,
roma,20,77726,71218,dijkstra,True,,nessuna,True,111.26666666666667,4.0,12875,0.12270699999999124,True,
roma,20,77726,71218,astar_cambi_proiettati,True,82.54089895318562,massimo,True,111.26666666666667,4.0,6016,0.08824039999990418,True,
roma,20,77726,71218,astar_p999,False,15.344100046923574,p99.9,True,111.26666666666667,4.0,9729,0.1696329000001242,True,
roma,20,77726,71218,pareto,True,,nessuna,True,111.26666666666667,,18161,0.39685099999996964,,2.0
roma,21,76627,79966,astar_ammissibile,True,82.54089895318562,massimo,True,30.566666666666666,3.0,2286,0.08897440000009738,True,
roma,21,76627,79966,dijkstra,True,,nessuna,True,30.566666666666666,3.0,2490,0.04883280000012746,True,
roma,21,76627,79966,astar_cambi_proiettati,True,82.54089895318562,massimo,True,30.566666666666666,3.0,703,0.028926699999828998,True,
roma,21,76627,79966,astar_p999,False,15.344100046923574,p99.9,True,30.566666666666666,3.0,1703,0.0692682999997487,True,
roma,21,76627,79966,pareto,True,,nessuna,True,30.566666666666666,,20108,0.3124662000000171,,5.0
roma,22,72920,78692,astar_ammissibile,True,82.54089895318562,massimo,True,48.11666666666667,2.0,15119,0.48874079999995956,True,
roma,22,72920,78692,dijkstra,True,,nessuna,True,48.11666666666667,2.0,17066,0.33453380000037214,True,
roma,22,72920,78692,astar_cambi_proiettati,True,82.54089895318562,massimo,True,48.11666666666667,2.0,4271,0.14239069999985077,True,
roma,22,72920,78692,astar_p999,False,15.344100046923574,p99.9,True,48.11666666666667,2.0,8037,0.31244210000022576,True,
roma,22,72920,78692,pareto,True,,nessuna,True,48.11666666666667,,105498,2.670524899999691,,6.0
roma,23,75867,70456,astar_ammissibile,True,82.54089895318562,massimo,False,,,11432,0.17373779999979888,,
roma,23,75867,70456,dijkstra,True,,nessuna,False,,,11432,0.09782329999961803,,
roma,23,75867,70456,astar_cambi_proiettati,True,82.54089895318562,massimo,False,,,3980,0.05049520000011398,,
roma,23,75867,70456,astar_p999,False,15.344100046923574,p99.9,False,,,11432,0.14551710000023377,,
roma,23,75867,70456,pareto,True,,nessuna,False,,,9755,0.1988726000004135,,0.0
roma,24,76977,78777,astar_ammissibile,True,82.54089895318562,massimo,True,51.0,4.0,9595,0.30971379999982673,True,
roma,24,76977,78777,dijkstra,True,,nessuna,True,51.0,4.0,10221,0.2172866000000795,True,
roma,24,76977,78777,astar_cambi_proiettati,True,82.54089895318562,massimo,True,51.0,4.0,3320,0.09293150000030437,True,
roma,24,76977,78777,astar_p999,False,15.344100046923574,p99.9,True,51.0,4.0,7089,0.2703668999997717,True,
roma,24,76977,78777,pareto,True,,nessuna,True,51.0,,48169,1.053684400000293,,8.0
roma,25,72591,78203,astar_ammissibile,True,82.54089895318562,massimo,True,40.53333333333333,4.0,5752,0.212572899999941,True,
roma,25,72591,78203,dijkstra,True,,nessuna,True,40.53333333333333,4.0,6207,0.14228330000014466,True,
roma,25,72591,78203,astar_cambi_proiettati,True,82.54089895318562,massimo,True,40.53333333333333,4.0,1921,0.07169029999977283,True,
roma,25,72591,78203,astar_p999,False,15.344100046923574,p99.9,True,40.53333333333333,4.0,4179,0.16013999999995576,True,
roma,25,72591,78203,pareto,True,,nessuna,True,40.53333333333333,,29330,0.43840929999987566,,4.0
roma,26,77991,76266,astar_ammissibile,True,82.54089895318562,massimo,True,35.36666666666667,4.0,2076,0.06642060000012862,True,
roma,26,77991,76266,dijkstra,True,,nessuna,True,35.36666666666667,4.0,2220,0.03352899999981673,True,
roma,26,77991,76266,astar_cambi_proiettati,True,82.54089895318562,massimo,True,35.36666666666667,4.0,579,0.018649500000265107,True,
roma,26,77991,76266,astar_p999,False,15.344100046923574,p99.9,True,35.36666666666667,4.0,1554,0.05145990000028178,True,
roma,26,77991,76266,pareto,True,,nessuna,True,35.36666666666667,,27961,0.340691699999752,,5.0
roma,27,75694,72756,astar_ammissibile,True,82.54089895318562,massimo,True,55.5,4.0,32309,0.974316099999669,True,
roma,27,75694,72756,dijkstra,True,,nessuna,True,55.5,4.0,36797,0.6054650000000947,True,
roma,27,75694,72756,astar_cambi_proiettati,True,82.54089895318562,massimo,True,55.5,4.0,9705,0.2505692999998246,True,
roma,27,75694,72756,astar_p999,False,15.344100046923574,p99.9,True,55.5,4.0,16393,0.5715544999998201,True,
roma,27,75694,72756,pareto,True,,nessuna,True,55.5,,134925,3.5996728999998595,,9.0
roma,28,77145,70995,astar_ammissibile,True,82.54089895318562,massimo,False,,,8165,0.09099980000019059,,
roma,28,77145,70995,dijkstra,True,,nessuna,False,,,8165,0.06082030000015948,,
roma,28,77145,70995,astar_cambi_proiettati,True,82.54089895318562,massimo,False,,,3369,0.0360990999997739,,
roma,28,77145,70995,astar_p999,False,15.344100046923574,p99.9,False,,,8165,0.09650729999975738,,
roma,28,77145,70995,pareto,True,,nessuna,False,,,6103,0.11286090000021431,,0.0
roma,29,78547,83482,astar_ammissibile,True,82.54089895318562,massimo,False,,,122025,1.6548987999999554,,
roma,29,78547,83482,dijkstra,True,,nessuna,False,,,122025,1.1690997999999126,,
roma,29,78547,83482,astar_cambi_proiettati,True,82.54089895318562,massimo,False,,,30659,0.380276099999719,,
roma,29,78547,83482,astar_p999,False,15.344100046923574,p99.9,False,,,122025,1.6771754999999757,,
roma,29,78547,83482,pareto,True,,nessuna,False,,,134684,4.321070899999995,,0.0
roma,30,78898,75837,astar_ammissibile,True,82.54089895318562,massimo,True,95.9,4.0,101733,1.8041184999997313,True,
roma,30,78898,75837,dijkstra,True,,nessuna,True,95.9,4.0,110141,1.2681198999998742,True,
roma,30,78898,75837,astar_cambi_proiettati,True,82.54089895318562,massimo,True,95.9,4.0,35607,0.5260568999997304,True,
roma,30,78898,75837,astar_p999,False,15.344100046923574,p99.9,True,95.9,4.0,66364,1.4631357999996908,True,
roma,30,78898,75837,pareto,True,,nessuna,True,95.9,,175765,5.557907899999918,,4.0
roma,31,73061,71145,astar_ammissibile,True,82.54089895318562,massimo,True,15.6,2.0,956,0.05848809999997684,True,
roma,31,73061,71145,dijkstra,True,,nessuna,True,15.6,2.0,1009,0.055769600000076025,True,
roma,31,73061,71145,astar_cambi_proiettati,True,82.54089895318562,massimo,True,15.6,2.0,258,0.016773100000136765,True,
roma,31,73061,71145,astar_p999,False,15.344100046923574,p99.9,True,15.6,2.0,725,0.046657500000037544,True,
roma,31,73061,71145,pareto,True,,nessuna,True,15.6,,52861,0.7838967000002413,,5.0
roma,32,75820,78487,astar_ammissibile,True,82.54089895318562,massimo,True,86.73333333333333,4.0,34271,0.7215624000000389,True,
roma,32,75820,78487,dijkstra,True,,nessuna,True,86.73333333333333,4.0,36398,0.43755079999982627,True,
roma,32,75820,78487,astar_cambi_proiettati,True,82.54089895318562,massimo,True,86.73333333333333,4.0,10176,0.17837989999998172,True,
roma,32,75820,78487,astar_p999,False,15.344100046923574,p99.9,True,86.73333333333333,4.0,25354,0.5840173000001414,True,
roma,32,75820,78487,pareto,True,,nessuna,True,86.73333333333333,,63989,1.6124196000000666,,3.0
roma,33,83492,71502,astar_ammissibile,True,82.54089895318562,massimo,True,61.833333333333336,4.0,20789,0.5667018999997708,True,
roma,33,83492,71502,dijkstra,True,,nessuna,True,61.833333333333336,4.0,22199,0.36057009999967704,True,
roma,33,83492,71502,astar_cambi_proiettati,True,82.54089895318562,massimo,True,61.833333333333336,4.0,5820,0.14974819999997635,True,
roma,33,83492,71502,astar_p999,False,15.344100046923574,p99.9,True,61.833333333333336,4.0,15030,0.43713149999985035,True,
roma,33,83492,71502,pareto,True,,nessuna,True,61.833333333333336,,72739,1.3304740000003221,,5.0
roma,34,73126,AD3,astar_ammissibile,True,82.54089895318562,massimo,True,11.466666666666667,1.0,112,0.00829959999964558,True,
roma,34,73126,AD3,dijkstra,True,,nessuna,True,11.466666666666667,1.0,129,0.003454300000157673,True,
roma,34,73126,AD3,astar_cambi_proiettati,True,82.54089895318562,massimo,True,11.466666666666667,1.0,48,0.00394609999966633,True,
roma,34,73126,AD3,astar_p999,False,15.344100046923574,p99.9,True,11.466666666666667,1.0,63,0.005197699999826,True,
roma,34,73126,AD3,pareto,True,,nessuna,True,11.466666666666667,,36494,0.5781950000000506,,6.0
roma,35,73755,82574,astar_ammissibile,True,82.54089895318562,massimo,True,19.1,2.0,2064,0.10585749999972904,True,
roma,35,73755,82574,dijkstra,True,,nessuna,True,19.1,2.0,2219,0.049994299999980285,True,
roma,35,73755,82574,astar_cambi_proiettati,True,82.54089895318562,massimo,True,19.1,2.0,572,0.030743799999982002,True,
roma,35,73755,82574,astar_p999,False,15.344100046923574,p99.9,True,19.1,2.0,1631,0.08567600000014863,True,
roma,35,73755,82574,pareto,True,,nessuna,True,19.1,,31899,0.44038880000016434,,5.0
roma,36,75644,75317,astar_ammissibile,True,82.54089895318562,massimo,True,111.46666666666667,4.0,51276,0.7654546999997365,True,
roma,36,75644,75317,dijkstra,True,,nessuna,True,111.46666666666667,4.0,54891,0.566577099999904,True,
roma,36,75644,75317,astar_cambi_proiettati,True,82.54089895318562,massimo,False,,,12887,0.19230330000027607,,
roma,36,75644,75317,astar_p999,False,15.344100046923574,p99.9,True,111.46666666666667,4.0,37070,0.6692634000000908,True,
roma,36,75644,75317,pareto,True,,nessuna,True,111.46666666666667,,68040,2.0247435000001133,,3.0
roma,37,74975,73992,astar_ammissibile,True,82.54089895318562,massimo,True,81.0,4.0,37684,0.792450700000245,True,
roma,37,74975,73992,dijkstra,True,,nessuna,True,81.0,4.0,39672,0.5263278999996146,True,
roma,37,74975,73992,astar_cambi_proiettati,True,82.54089895318562,massimo,True,81.0,4.0,13929,0.2419752000000699,True,
roma,37,74975,73992,astar_p999,False,15.344100046923574,p99.9,True,81.0,4.0,29405,0.6643948000000819,True,
roma,37,74975,73992,pareto,True,,nessuna,True,81.0,,72228,1.664526499999738,,3.0
roma,38,79966,71820,astar_ammissibile,True,82.54089895318562,massimo,True,33.43333333333333,2.0,1937,0.06869449999976496,True,
roma,38,79966,71820,dijkstra,True,,nessuna,True,33.43333333333333,2.0,2242,0.038902300000245305,True,
roma,38,79966,71820,astar_cambi_proiettati,True,82.54089895318562,massimo,True,33.43333333333333,2.0,635,0.02604429999973945,True,
roma,38,79966,71820,astar_p999,False,15.344100046923574,p99.9,True,33.43333333333333,2.0,1079,0.03883750000022701,True,
roma,38,79966,71820,pareto,True,,nessuna,True,33.43333333333333,,49512,1.0121383999999125,,9.0
roma,39,79314,72781,astar_ammissibile,True,82.54089895318562,massimo,True,57.9,3.0,37915,1.0178610999996636,True,
roma,39,79314,72781,dijkstra,True,,nessuna,True,57.9,3.0,40687,0.7004309999997531,True,
roma,39,79314,72781,astar_cambi_proiettati,True,82.54089895318562,massimo,True,57.9,3.0,12195,0.3062322000000677,True,
roma,39,79314,72781,astar_p999,False,15.344100046923574,p99.9,True,57.9,3.0,26446,0.8239889000001313,True,
roma,39,79314,72781,pareto,True,,nessuna,True,57.9,,143064,4.568843800000195,,11.0
roma,40,82614,71755,astar_ammissibile,True,82.54089895318562,massimo,True,103.16666666666667,4.0,73152,1.2116187999999966,True,
roma,40,82614,71755,dijkstra,True,,nessuna,True,103.16666666666667,4.0,76743,0.8249604000002364,True,
roma,40,82614,71755,astar_cambi_proiettati,True,82.54089895318562,massimo,False,,,42651,0.5405128000002151,,
roma,40,82614,71755,astar_p999,False,15.344100046923574,p99.9,True,103.16666666666667,4.0,57314,0.9927711999998792,True,
roma,40,82614,71755,pareto,True,,nessuna,True,103.16666666666667,,116753,3.614743400000407,,2.0
roma,41,74598,71729,astar_ammissibile,True,82.54089895318562,massimo,True,95.33333333333333,4.0,88827,1.6389125999999123,True,
roma,41,74598,71729,dijkstra,True,,nessuna,True,95.33333333333333,4.0,94370,1.2178217999999106,True,
roma,41,74598,71729,astar_cambi_proiettati,True,82.54089895318562,massimo,True,109.43333333333334,4.0,35811,0.48015380000015284,False,
roma,41,74598,71729,astar_p999,False,15.344100046923574,p99.9,True,95.33333333333333,4.0,65865,1.4031477000003179,True,
roma,41,74598,71729,pareto,True,,nessuna,True,95.33333333333333,,172234,5.967532900000151,,2.0
roma,42,78623,77905,astar_ammissibile,True,82.54089895318562,massimo,False,,,145689,2.7456476999996084,,
roma,42,78623,77905,dijkstra,True,,nessuna,False,,,145689,1.5745464999999967,,
roma,42,78623,77905,astar_cambi_proiettati,True,82.54089895318562,massimo,False,,,36846,0.6450475999999981,,
roma,42,78623,77905,astar_p999,False,15.344100046923574,p99.9,False,,,145689,2.128744099999949,,
roma,42,78623,77905,pareto,True,,nessuna,False,,,144008,5.47181350000028,,0.0
roma,43,72614,74855,astar_ammissibile,True,82.54089895318562,massimo,True,61.63333333333333,3.0,39348,1.2367985999999291,True,
roma,43,72614,74855,dijkstra,True,,nessuna,True,61.63333333333333,3.0,42402,0.8737554999997883,True,
roma,43,72614,74855,astar_cambi_proiettati,True,82.54089895318562,massimo,True,61.63333333333333,3.0,13163,0.3192275999999765,True,
roma,43,72614,74855,astar_p999,False,15.344100046923574,p99.9,True,61.63333333333333,3.0,27899,0.9449847999999292,True,
roma,43,72614,74855,pareto,True,,nessuna,True,61.63333333333333,,146761,4.899818400000186,,10.0
roma,44,80494,74447,astar_ammissibile,True,82.54089895318562,massimo,True,102.2,4.0,110888,1.867073700000219,True,
roma,44,80494,74447,dijkstra,True,,nessuna,True,102.2,4.0,116103,1.426177600000301,True,
roma,44,80494,74447,astar_cambi_proiettati,True,82.54089895318562,massimo,True,102.2,4.0,29804,0.5397063000000344,True,
roma,44,80494,74447,astar_p999,False,15.344100046923574,p99.9,True,102.2,4.0,87817,1.6681892999999945,True,
roma,44,80494,74447,pareto,True,,nessuna,True,102.2,,153642,4.383112999999867,,3.0
roma,45,73806,75175,astar_ammissibile,True,82.54089895318562,massimo,True,69.56666666666666,4.0,45620,1.151078100000177,True,
roma,45,73806,75175,dijkstra,True,,nessuna,True,69.56666666666666,4.0,48996,0.8576275000000351,True,
roma,45,73806,75175,astar_cambi_proiettati,True,82.54089895318562,massimo,True,86.8,4.0,27394,0.4907419999999547,False,
roma,45,73806,75175,astar_p999,False,15.344100046923574,p99.9,True,69.56666666666666,4.0,33227,0.9820979999999508,True,
roma,45,73806,75175,pareto,True,,nessuna,True,69.56666666666666,,151105,5.062542900000153,,8.0
roma,46,74912,71075,astar_ammissibile,True,82.54089895318562,massimo,True,52.2,3.0,16376,0.6029899999998634,True,
roma,46,74912,71075,dijkstra,True,,nessuna,True,52.2,3.0,18319,0.35717449999992823,True,
roma,46,74912,71075,astar_cambi_proiettati,True,82.54089895318562,massimo,True,52.2,3.0,5843,0.24788070000022344,True,
roma,46,74912,71075,astar_p999,False,15.344100046923574,p99.9,True,52.2,3.0,9697,0.38723720000007233,True,
roma,46,74912,71075,pareto,True,,nessuna,True,52.2,,118177,2.9890440999997736,,13.0
roma,47,78173,74218,astar_ammissibile,True,82.54089895318562,massimo,False,,,158402,2.3848996000001534,,
roma,47,78173,74218,dijkstra,True,,nessuna,False,,,158402,1.6530804000003627,,
roma,47,78173,74218,astar_cambi_proiettati,True,82.54089895318562,massimo,False,,,47229,0.6182800999999927,,
roma,47,78173,74218,astar_p999,False,15.344100046923574,p99.9,False,,,158402,2.2645049000002473,,
roma,47,78173,74218,pareto,True,,nessuna,False,,,140404,4.480524399999922,,0.0
roma,48,83174,76205,astar_ammissibile,True,82.54089895318562,massimo,True,68.98333333333333,3.0,73130,1.781138700000156,True,
roma,48,83174,76205,dijkstra,True,,nessuna,True,68.98333333333333,3.0,76923,1.321346000000176,True,
roma,48,83174,76205,astar_cambi_proiettati,True,82.54089895318562,massimo,True,68.98333333333333,3.0,24253,0.44425890000002255,True,
roma,48,83174,76205,astar_p999,False,15.344100046923574,p99.9,True,68.98333333333333,3.0,57483,1.45513899999969,True,
roma,48,83174,76205,pareto,True,,nessuna,True,68.98333333333333,,168018,5.203150599999844,,7.0
roma,49,78864,76959,astar_ammissibile,True,82.54089895318562,massimo,True,110.6,4.0,80469,1.231178600000021,True,
roma,49,78864,76959,dijkstra,True,,nessuna,True,110.6,4.0,87282,0.9077182000000903,True,
roma,49,78864,76959,astar_cambi_proiettati,True,82.54089895318562,massimo,True,110.6,4.0,26783,0.3844061999998303,True,
roma,49,78864,76959,astar_p999,False,15.344100046923574,p99.9,True,110.6,4.0,54442,0.9692298999998457,True,
roma,49,78864,76959,pareto,True,,nessuna,True,110.6,,111919,3.179483800000071,,3.0
roma,50,70709,77078,astar_ammissibile,True,82.54089895318562,massimo,True,83.7,3.0,65914,1.3338760000001457,True,
roma,50,70709,77078,dijkstra,True,,nessuna,True,83.7,3.0,75713,0.9708579000002828,True,
roma,50,70709,77078,astar_cambi_proiettati,True,82.54089895318562,massimo,True,83.7,3.0,19559,0.3262260999999853,True,
roma,50,70709,77078,astar_p999,False,15.344100046923574,p99.9,True,83.7,3.0,32117,0.8215468999997029,True,
roma,50,70709,77078,pareto,True,,nessuna,True,83.7,,145099,3.8889288000000306,,1.0
torino,1,3176,3492,astar_ammissibile,True,139.12304705627398,massimo,True,56.88333333333333,4.0,23597,0.5755647999999383,True,
torino,1,3176,3492,dijkstra,True,,nessuna,True,56.88333333333333,4.0,24114,0.3663626999996268,True,
torino,1,3176,3492,astar_cambi_proiettati,True,139.12304705627398,massimo,True,56.88333333333333,4.0,7016,0.15028380000012476,True,
torino,1,3176,3492,astar_p999,False,22.786617056893437,p99.9,True,56.88333333333333,4.0,20474,0.49941930000022694,True,
torino,1,3176,3492,pareto,True,,nessuna,True,56.88333333333333,,56903,1.0094368000000031,,4.0
torino,2,3818,1182,astar_ammissibile,True,139.12304705627398,massimo,True,62.05,3.0,12686,0.2973359000002347,True,
torino,2,3818,1182,dijkstra,True,,nessuna,True,62.05,3.0,13463,0.2202967999996872,True,
torino,2,3818,1182,astar_cambi_proiettati,True,139.12304705627398,massimo,True,62.05,3.0,5216,0.10468540000010762,True,
torino,2,3818,1182,astar_p999,False,22.786617056893437,p99.9,True,62.05,3.0,9391,0.2272026000000551,True,
torino,2,3818,1182,pareto,True,,nessuna,True,62.05,,43135,0.9627811000000293,,6.0
torino,3,923,1341,astar_ammissibile,True,139.12304705627398,massimo,True,69.45,3.0,22526,0.4681711000002906,True,
torino,3,923,1341,dijkstra,True,,nessuna,True,69.45,3.0,23153,0.2756182000002809,True,
torino,3,923,1341,astar_cambi_proiettati,True,139.12304705627398,massimo,True,69.45,3.0,7987,0.17908619999980147,True,
torino,3,923,1341,astar_p999,False,22.786617056893437,p99.9,True,69.45,3.0,19648,0.43982969999979105,True,
torino,3,923,1341,pareto,True,,nessuna,True,69.45,,56914,1.2707752999999684,,4.0
torino,4,448,2339,astar_ammissibile,True,139.12304705627398,massimo,False,,,21749,0.25326200000017707,,
torino,4,448,2339,dijkstra,True,,nessuna,False,,,21749,0.16924660000040603,,
torino,4,448,2339,astar_cambi_proiettati,True,139.12304705627398,massimo,False,,,6885,0.07890750000024127,,
torino,4,448,2339,astar_p999,False,22.786617056893437,p99.9,False,,,21749,0.2689123000000109,,
torino,4,448,2339,pareto,True,,nessuna,False,,,25307,0.5221412000000782,,0.0
torino,5,1682,3415,astar_ammissibile,True,139.12304705627398,massimo,True,84.5,4.0,16147,0.285062200000084,True,
torino,5,1682,3415,dijkstra,True,,nessuna,True,84.5,4.0,16549,0.19620850000001155,True,
torino,5,1682,3415,astar_cambi_proiettati,True,139.12304705627398,massimo,True,103.1,4.0,6146,0.07660600000008344,False,
torino,5,1682,3415,astar_p999,False,22.786617056893437,p99.9,True,84.5,4.0,14314,0.27006840000012744,True,
torino,5,1682,3415,pareto,True,,nessuna,True,84.5,,32402,0.6029528000003666,,6.0
torino,6,1905,157,astar_ammissibile,True,139.12304705627398,massimo,True,54.15,4.0,10953,0.3044873999997435,True,
torino,6,1905,157,dijkstra,True,,nessuna,True,54.15,4.0,11316,0.15699399999994057,True,
torino,6,1905,157,astar_cambi_proiettati,True,139.12304705627398,massimo,True,54.15,4.0,4447,0.10610769999993863,True,
torino,6,1905,157,astar_p999,False,22.786617056893437,p99.9,True,54.15,4.0,9530,0.24487109999972745,True,
torino,6,1905,157,pareto,True,,nessuna,True,54.15,,46395,0.9512001999996755,,8.0
torino,7,1516,2738,astar_ammissibile,True,139.12304705627398,massimo,True,19.733333333333334,1.0,439,0.02275869999994029,True,
torino,7,1516,2738,dijkstra,True,,nessuna,True,19.733333333333334,1.0,462,0.009852000000137195,True,
torino,7,1516,2738,astar_cambi_proiettati,True,139.12304705627398,massimo,True,19.733333333333334,1.0,161,0.008623499999885098,True,
torino,7,1516,2738,astar_p999,False,22.786617056893437,p99.9,True,19.733333333333334,1.0,380,0.0203521999997065,True,
torino,7,1516,2738,pareto,True,,nessuna,True,19.733333333333334,,24097,0.24977939999962473,,3.0
torino,8,1329,1779,astar_ammissibile,True,139.12304705627398,massimo,True,86.7,4.0,18629,0.32680649999974776,True,
torino,8,1329,1779,dijkstra,True,,nessuna,True,86.7,4.0,19060,0.3065033999996558,True,
torino,8,1329,1779,astar_cambi_proiettati,True,139.12304705627398,massimo,True,86.7,4.0,8407,0.13847800000030475,True,
torino,8,1329,1779,astar_p999,False,22.786617056893437,p99.9,True,86.7,4.0,16483,0.38849670000035985,True,
torino,8,1329,1779,pareto,True,,nessuna,True,86.7,,37553,1.0667454000004,,3.0
torino,9,1484,380,astar_ammissibile,True,139.12304705627398,massimo,True,30.616666666666667,4.0,5049,0.27791590000015276,True,
torino,9,1484,380,dijkstra,True,,nessuna,True,30.616666666666667,4.0,5301,0.12235429999964254,True,
torino,9,1484,380,astar_cambi_proiettati,True,139.12304705627398,massimo,True,30.616666666666667,4.0,1472,0.07119040000043242,True,
torino,9,1484,380,astar_p999,False,22.786617056893437,p99.9,True,30.616666666666667,4.0,3830,0.1785024999999223,True,
torino,9,1484,380,pareto,True,,nessuna,True,30.616666666666667,,47289,0.7756281000001763,,8.0
torino,10,118,194,astar_ammissibile,True,139.12304705627398,massimo,True,76.18333333333334,3.0,8752,0.20048210000004474,True,
torino,10,118,194,dijkstra,True,,nessuna,True,76.18333333333334,3.0,9176,0.13850330000013855,True,
torino,10,118,194,astar_cambi_proiettati,True,139.12304705627398,massimo,True,76.18333333333334,3.0,2936,0.05876159999979791,True,
torino,10,118,194,astar_p999,False,22.786617056893437,p99.9,True,76.18333333333334,3.0,6861,0.32163500000024214,True,
torino,10,118,194,pareto,True,,nessuna,True,76.18333333333334,,29168,0.8221651999997448,,2.0
torino,11,1538,1425,astar_ammissibile,True,139.12304705627398,massimo,True,29.583333333333332,3.0,3596,0.1607416000001649,True,
torino,11,1538,1425,dijkstra,True,,nessuna,True,29.583333333333332,3.0,3659,0.0868399999999383,True,
torino,11,1538,1425,astar_cambi_proiettati,True,139.12304705627398,massimo,True,29.583333333333332,3.0,1053,0.04966950000016368,True,
torino,11,1538,1425,astar_p999,False,22.786617056893437,p99.9,True,29.583333333333332,3.0,2948,0.16429310000012265,True,
torino,11,1538,1425,pareto,True,,nessuna,True,29.583333333333332,,59800,1.0851260999997976,,9.0
torino,12,1636,1129,astar_ammissibile,True,139.12304705627398,massimo,True,68.4,3.0,9086,0.2089867000004233,True,
torino,12,1636,1129,dijkstra,True,,nessuna,True,68.4,3.0,9404,0.15314730000000054,True,
torino,12,1636,1129,astar_cambi_proiettati,True,139.12304705627398,massimo,True,68.4,3.0,3302,0.07561450000002878,True,
torino,12,1636,1129,astar_p999,False,22.786617056893437,p99.9,True,68.4,3.0,7638,0.20650920000025508,True,
torino,12,1636,1129,pareto,True,,nessuna,True,68.4,,26562,0.49605549999978393,,3.0
torino,13,3641,276,astar_ammissibile,True,139.12304705627398,massimo,True,64.66666666666667,3.0,15481,0.47380489999977726,True,
torino,13,3641,276,dijkstra,True,,nessuna,True,64.66666666666667,3.0,15882,0.26435769999989134,True,
torino,13,3641,276,astar_cambi_proiettati,True,139.12304705627398,massimo,True,68.88333333333334,2.0,4424,0.08139739999978701,False,
torino,13,3641,276,astar_p999,False,22.786617056893437,p99.9,True,64.66666666666667,3.0,13194,0.3653908000001138,True,
torino,13,3641,276,pareto,True,,nessuna,True,64.66666666666667,,39628,0.9086437000000842,,5.0
torino,14,3247,2018,astar_ammissibile,True,139.12304705627398,massimo,True,102.56666666666666,4.0,22978,0.33615740000004735,True,
torino,14,3247,2018,dijkstra,True,,nessuna,True,102.56666666666666,4.0,23704,0.2230874000001677,True,
torino,14,3247,2018,astar_cambi_proiettati,True,139.12304705627398,massimo,True,102.56666666666666,4.0,8261,0.10784409999996569,True,
torino,14,3247,2018,astar_p999,False,22.786617056893437,p99.9,True,102.56666666666666,4.0,19422,0.31328910000001997,True,
torino,14,3247,2018,pareto,True,,nessuna,True,102.56666666666666,,30900,0.7601451000000452,,1.0
torino,15,944,1544,astar_ammissibile,True,139.12304705627398,massimo,True,51.016666666666666,2.0,19097,0.5069260000000213,True,
torino,15,944,1544,dijkstra,True,,nessuna,True,51.016666666666666,2.0,19920,0.3662571999998363,True,
torino,15,944,1544,astar_cambi_proiettati,True,139.12304705627398,massimo,True,51.016666666666666,2.0,6188,0.16291400000000067,True,
torino,15,944,1544,astar_p999,False,22.786617056893437,p99.9,True,51.016666666666666,2.0,15522,0.5136367999998583,True,
torino,15,944,1544,pareto,True,,nessuna,True,51.016666666666666,,46182,0.6446573999996872,,2.0
torino,16,4835,3509,astar_ammissibile,True,139.12304705627398,massimo,False,,,1507,0.014686099999835278,,
torino,16,4835,3509,dijkstra,True,,nessuna,False,,,1507,0.009156399999938003,,
torino,16,4835,3509,astar_cambi_proiettati,True,139.12304705627398,massimo,False,,,440,0.00408160000006319,,
torino,16,4835,3509,astar_p999,False,22.786617056893437,p99.9,False,,,1507,0.013906000000133645,,
torino,16,4835,3509,pareto,True,,nessuna,False,,,492,0.004939199999625998,,0.0
torino,17,790,3086,astar_ammissibile,True,139.12304705627398,massimo,True,19.216666666666665,1.0,629,0.03991309999992154,True,
torino,17,790,3086,dijkstra,True,,nessuna,True,19.216666666666665,1.0,651,0.024584499999946274,True,
torino,17,790,3086,astar_cambi_proiettati,True,139.12304705627398,massimo,True,19.216666666666665,1.0,198,0.011962000000039552,True,
torino,17,790,3086,astar_p999,False,22.786617056893437,p99.9,True,19.216666666666665,1.0,537,0.029635799999596202,True,
torino,17,790,3086,pareto,True,,nessuna,True,19.216666666666665,,10095,0.0842928000001848,,4.0
torino,18,333,550,astar_ammissibile,True,139.12304705627398,massimo,True,52.06666666666667,4.0,9603,0.28591640000013285,True,
torino,18,333,550,dijkstra,True,,nessuna,True,52.06666666666667,4.0,9918,0.15373539999973218,True,
torino,18,333,550,astar_cambi_proiettati,True,139.12304705627398,massimo,True,52.06666666666667,4.0,3669,0.08541809999996985,True,
torino,18,333,550,astar_p999,False,22.786617056893437,p99.9,True,52.06666666666667,4.0,8494,0.22527080000008937,True,
torino,18,333,550,pareto,True,,nessuna,True,52.06666666666667,,42881,0.8429186999997,,7.0
torino,19,1552,396,astar_ammissibile,True,139.12304705627398,massimo,True,39.0,2.0,4280,0.13891749999993408,True,
torino,19,1552,396,dijkstra,True,,nessuna,True,39.0,2.0,4701,0.07697710000002189,True,
torino,19,1552,396,astar_cambi_proiettati,True,139.12304705627398,massimo,True,39.0,2.0,1321,0.04563079999979891,True,
torino,19,1552,396,astar_p999,False,22.786617056893437,p99.9,True,39.0,2.0,2845,0.09482580000030794,True,
torino,19,1552,396,pareto,True,,nessuna,True,39.0,,27100,0.32530999999971755,,3.0
torino,20,902,2169,astar_ammissibile,True,139.12304705627398,massimo,True,58.0,2.0,18320,0.4341689999996561,True,
torino,20,902,2169,dijkstra,True,,nessuna,True,58.0,2.0,19095,0.2930231999998796,True,
torino,20,902,2169,astar_cambi_proiettati,True,139.12304705627398,massimo,True,58.0,2.0,5426,0.13739029999987906,True,
torino,20,902,2169,astar_p999,False,22.786617056893437,p99.9,True,58.0,2.0,14975,0.413535800000318,True,
torino,20,902,2169,pareto,True,,nessuna,True,58.0,,70693,1.6448716999998396,,16.0
torino,21,7895,3524,astar_ammissibile,True,139.12304705627398,massimo,True,82.05,4.0,3853,0.07050960000015039,True,
torino,21,7895,3524,dijkstra,True,,nessuna,True,82.05,4.0,3965,0.051517299999886745,True,
torino,21,7895,3524,astar_cambi_proiettati,True,139.12304705627398,massimo,True,82.05,4.0,1779,0.03594410000005155,True,
torino,21,7895,3524,astar_p999,False,22.786617056893437,p99.9,True,82.05,4.0,3446,0.06645699999990029,True,
torino,21,7895,3524,pareto,True,,nessuna,True,82.05,,11282,0.1815470000001369,,4.0
torino,22,1261,4684,astar_ammissibile,True,139.12304705627398,massimo,False,,,86891,1.0835096999999223,,
torino,22,1261,4684,dijkstra,True,,nessuna,False,,,86891,0.7930427000001146,,
torino,22,1261,4684,astar_cambi_proiettati,True,139.12304705627398,massimo,False,,,26027,0.2920083999997587,,
torino,22,1261,4684,astar_p999,False,22.786617056893437,p99.9,False,,,86891,1.063391600000159,,
torino,22,1261,4684,pareto,True,,nessuna,False,,,67512,1.4687584999996943,,0.0
torino,23,8021,2052,astar_ammissibile,True,139.12304705627398,massimo,True,90.03333333333333,4.0,38069,0.6006618000001254,True,
torino,23,8021,2052,dijkstra,True,,nessuna,True,90.03333333333333,4.0,39407,0.40789660000018557,True,
torino,23,8021,2052,astar_cambi_proiettati,True,139.12304705627398,massimo,True,90.03333333333333,4.0,13616,0.18909789999997884,True,
torino,23,8021,2052,astar_p999,False,22.786617056893437,p99.9,True,90.03333333333333,4.0,32023,0.5384030000000166,True,
torino,23,8021,2052,pareto,True,,nessuna,True,90.03333333333333,,56890,1.480749299999843,,3.0
torino,24,6501,628,astar_ammissibile,True,139.12304705627398,massimo,False,,,3039,0.032464799999615934,,
torino,24,6501,628,dijkstra,True,,nessuna,False,,,3039,0.019212400000014895,,
torino,24,6501,628,astar_cambi_proiettati,True,139.12304705627398,massimo,False,,,911,0.008160100000168313,,
torino,24,6501,628,astar_p999,False,22.786617056893437,p99.9,False,,,3039,0.030446600000232138,,
torino,24,6501,628,pareto,True,,nessuna,False,,,1686,0.019007299999884708,,0.0
torino,25,3698,3482,astar_ammissibile,True,139.12304705627398,massimo,True,51.0,4.0,16336,0.4679621000000225,True,
torino,25,3698,3482,dijkstra,True,,nessuna,True,51.0,4.0,16928,0.25598249999984546,True,
torino,25,3698,3482,astar_cambi_proiettati,True,139.12304705627398,massimo,True,51.0,4.0,5112,0.14544690000002447,True,
torino,25,3698,3482,astar_p999,False,22.786617056893437,p99.9,True,51.0,4.0,13935,0.4248848000001999,True,
torino,25,3698,3482,pareto,True,,nessuna,True,51.0,,59777,1.0546288000000459,,5.0
torino,26,2107,4797,astar_ammissibile,True,139.12304705627398,massimo,False,,,59038,0.7598481999998512,,
torino,26,2107,4797,dijkstra,True,,nessuna,False,,,59038,0.484932000000299,,
torino,26,2107,4797,astar_cambi_proiettati,True,139.12304705627398,massimo,False,,,20643,0.22127929999987828,,
torino,26,2107,4797,astar_p999,False,22.786617056893437,p99.9,False,,,59038,0.7336154999998143,,
torino,26,2107,4797,pareto,True,,nessuna,False,,,46296,0.9846956000001228,,0.0
torino,27,1461,741,astar_ammissibile,True,139.12304705627398,massimo,True,61.0,3.0,16963,0.41762500000004366,True,
torino,27,1461,741,dijkstra,True,,nessuna,True,61.0,3.0,17482,0.23038799999994808,True,
torino,27,1461,741,astar_cambi_proiettati,True,139.12304705627398,massimo,True,61.0,3.0,5639,0.11978600000020379,True,
torino,27,1461,741,astar_p999,False,22.786617056893437,p99.9,True,61.0,3.0,14623,0.4008262000002105,True,
torino,27,1461,741,pareto,True,,nessuna,True,61.0,,46625,1.069787500000075,,7.0
torino,28,8123,3518,astar_ammissibile,True,139.12304705627398,massimo,True,50.46666666666667,2.0,2340,0.05189360000031229,True,
torino,28,8123,3518,dijkstra,True,,nessuna,True,50.46666666666667,2.0,2387,0.026633599999968283,True,
torino,28,8123,3518,astar_cambi_proiettati,True,139.12304705627398,massimo,True,50.46666666666667,2.0,671,0.015321899999889865,True,
torino,28,8123,3518,astar_p999,False,22.786617056893437,p99.9,True,50.46666666666667,2.0,2127,0.04865160000008473,True,
torino,28,8123,3518,pareto,True,,nessuna,True,50.46666666666667,,8103,0.11509019999994052,,6.0
torino,29,2222,1510,astar_ammissibile,True,139.12304705627398,massimo,False,,,23024,0.2737065999999686,,
torino,29,2222,1510,dijkstra,True,,nessuna,False,,,23024,0.1797236000002158,,
torino,29,2222,1510,astar_cambi_proiettati,True,139.12304705627398,massimo,False,,,8430,0.09324080000033064,,
torino,29,2222,1510,astar_p999,False,22.786617056893437,p99.9,False,,,23024,0.2769306999998662,,
torino,29,2222,1510,pareto,True,,nessuna,False,,,20488,0.4871588000000884,,0.0
torino,30,3515,72,astar_ammissibile,True,139.12304705627398,massimo,True,49.45,4.0,16086,0.49676080000017464,True,
torino,30,3515,72,dijkstra,True,,nessuna,True,49.45,4.0,16662,0.24737580000009984,True,
torino,30,3515,72,astar_cambi_proiettati,True,139.12304705627398,massimo,True,57.68333333333333,3.0,6891,0.14211799999975483,False,
torino,30,3515,72,astar_p999,False,22.786617056893437,p99.9,True,49.45,4.0,13459,0.4214868999997634,True,
torino,30,3515,72,pareto,True,,nessuna,True,49.45,,61052,1.3806190000000242,,7.0
torino,31,1646,2245,astar_ammissibile,True,139.12304705627398,massimo,False,,,47560,0.5959554000000935,,
torino,31,1646,2245,dijkstra,True,,nessuna,False,,,47560,0.4387772000000041,,
torino,31,1646,2245,astar_cambi_proiettati,True,139.12304705627398,massimo,False,,,13767,0.1589493000001312,,
torino,31,1646,2245,astar_p999,False,22.786617056893437,p99.9,False,,,47560,0.6198945999999523,,
torino,31,1646,2245,pareto,True,,nessuna,False,,,39904,0.9049184000000423,,0.0
torino,32,2520,3462,astar_ammissibile,True,139.12304705627398,massimo,True,64.96666666666667,3.0,8352,0.19625859999996464,True,
torino,32,2520,3462,dijkstra,True,,nessuna,True,64.96666666666667,3.0,8720,0.11482499999965512,True,
torino,32,2520,3462,astar_cambi_proiettati,True,139.12304705627398,massimo,True,64.96666666666667,3.0,2937,0.06570700000020224,True,
torino,32,2520,3462,astar_p999,False,22.786617056893437,p99.9,True,64.96666666666667,3.0,6169,0.17779399999972156,True,
torino,32,2520,3462,pareto,True,,nessuna,True,64.96666666666667,,26487,0.41975330000013855,,2.0
torino,33,3285,3127,astar_ammissibile,True,139.12304705627398,massimo,True,86.56666666666666,4.0,2640,0.04377279999971506,True,
torino,33,3285,3127,dijkstra,True,,nessuna,True,86.56666666666666,4.0,2688,0.030497400000058406,True,
torino,33,3285,3127,astar_cambi_proiettati,True,139.12304705627398,massimo,True,86.56666666666666,4.0,1509,0.023303800000121555,True,
torino,33,3285,3127,astar_p999,False,22.786617056893437,p99.9,True,86.56666666666666,4.0,2353,0.03886110000030385,True,
torino,33,3285,3127,pareto,True,,nessuna,True,86.56666666666666,,8516,0.13012159999971118,,3.0
torino,34,2633,902,astar_ammissibile,True,139.12304705627398,massimo,True,70.03333333333333,4.0,21952,0.4594910999999229,True,
torino,34,2633,902,dijkstra,True,,nessuna,True,70.03333333333333,4.0,22551,0.2854536999998345,True,
torino,34,2633,902,astar_cambi_proiettati,True,139.12304705627398,massimo,True,70.03333333333333,4.0,7477,0.13348489999998492,True,
torino,34,2633,902,astar_p999,False,22.786617056893437,p99.9,True,70.03333333333333,4.0,19127,0.4129100999998627,True,
torino,34,2633,902,pareto,True,,nessuna,True,70.03333333333333,,45170,0.9236591999997472,,8.0
torino,35,1778,8372,astar_ammissibile,True,139.12304705627398,massimo,True,90.28333333333333,4.0,35757,0.5484102999998868,True,
torino,35,1778,8372,dijkstra,True,,nessuna,True,90.28333333333333,4.0,36983,0.38347479999993084,True,
torino,35,1778,8372,astar_cambi_proiettati,True,139.12304705627398,massimo,True,90.28333333333333,4.0,13683,0.1927829000001111,True,
torino,35,1778,8372,astar_p999,False,22.786617056893437,p99.9,True,90.28333333333333,4.0,29763,0.5340433999999732,True,
torino,35,1778,8372,pareto,True,,nessuna,True,90.28333333333333,,55956,1.393817200000285,,2.0
torino,36,212,1746,astar_ammissibile,True,139.12304705627398,massimo,True,36.53333333333333,3.0,3799,0.10802269999976488,True,
torino,36,212,1746,dijkstra,True,,nessuna,True,36.53333333333333,3.0,4088,0.05959480000001349,True,
torino,36,212,1746,astar_cambi_proiettati,True,139.12304705627398,massimo,True,36.53333333333333,3.0,1109,0.03495790000033594,True,
torino,36,212,1746,astar_p999,False,22.786617056893437,p99.9,True,36.53333333333333,3.0,2682,0.08022059999984776,True,
torino,36,212,1746,pareto,True,,nessuna,True,36.53333333333333,,8616,0.08524749999969572,,1.0
torino,37,29,1737,astar_ammissibile,True,139.12304705627398,massimo,True,41.0,2.0,5872,0.16391330000033122,True,
torino,37,29,1737,dijkstra,True,,nessuna,True,41.0,2.0,6280,0.09329709999974511,True,
torino,37,29,1737,astar_cambi_proiettati,True,139.12304705627398,massimo,True,41.0,2.0,1714,0.04959550000012314,True,
torino,37,29,1737,astar_p999,False,22.786617056893437,p99.9,True,41.0,2.0,4295,0.12528999999994994,True,
torino,37,29,1737,pareto,True,,nessuna,True,41.0,,40533,0.7321979000003012,,3.0
torino,38,770,600,astar_ammissibile,True,139.12304705627398,massimo,True,75.11666666666666,4.0,34497,0.6747971999998299,True,
torino,38,770,600,dijkstra,True,,nessuna,True,75.11666666666666,4.0,35832,0.6766443000001345,True,
torino,38,770,600,astar_cambi_proiettati,True,139.12304705627398,massimo,True,107.45,4.0,19448,0.3160578000001806,False,
torino,38,770,600,astar_p999,False,22.786617056893437,p99.9,True,75.11666666666666,4.0,28037,0.6203531999999541,True,
torino,38,770,600,pareto,True,,nessuna,True,75.11666666666666,,64882,1.6683494999997492,,4.0
torino,39,206,3041,astar_ammissibile,True,139.12304705627398,massimo,True,28.283333333333335,1.0,1172,0.043450599999687256,True,
torino,39,206,3041,dijkstra,True,,nessuna,True,28.283333333333335,1.0,1216,0.020871900000202004,True,
torino,39,206,3041,astar_cambi_proiettati,True,139.12304705627398,massimo,True,28.283333333333335,1.0,327,0.013356299999941257,True,
torino,39,206,3041,astar_p999,False,22.786617056893437,p99.9,True,28.283333333333335,1.0,937,0.03413300000011077,True,
torino,39,206,3041,pareto,True,,nessuna,True,28.283333333333335,,3481,0.02446109999982582,,3.0
torino,40,965,282,astar_ammissibile,True,139.12304705627398,massimo,True,66.53333333333333,4.0,29354,0.6583698999997978,True,
torino,40,965,282,dijkstra,True,,nessuna,True,66.53333333333333,4.0,30072,0.3758861999999681,True,
torino,40,965,282,astar_cambi_proiettati,True,139.12304705627398,massimo,True,66.53333333333333,4.0,8794,0.1598785000001044,True,
torino,40,965,282,astar_p999,False,22.786617056893437,p99.9,True,66.53333333333333,4.0,25785,0.5927477000000181,True,
torino,40,965,282,pareto,True,,nessuna,True,66.53333333333333,,76799,1.9816689000003862,,4.0
torino,41,2555,3212,astar_ammissibile,True,139.12304705627398,massimo,True,57.95,4.0,8010,0.19053729999995994,True,
torino,41,2555,3212,dijkstra,True,,nessuna,True,57.95,4.0,8225,0.10870239999985642,True,
torino,41,2555,3212,astar_cambi_proiettati,True,139.12304705627398,massimo,True,57.95,4.0,2693,0.06893940000009025,True,
torino,41,2555,3212,astar_p999,False,22.786617056893437,p99.9,True,57.95,4.0,6815,0.1935950000001867,True,
torino,41,2555,3212,pareto,True,,nessuna,True,57.95,,34255,0.533988600000157,,8.0
torino,42,3080,1490,astar_ammissibile,True,139.12304705627398,massimo,True,43.7,3.0,15774,0.5047678999999334,True,
torino,42,3080,1490,dijkstra,True,,nessuna,True,43.7,3.0,16734,0.2671540000001187,True,
torino,42,3080,1490,astar_cambi_proiettati,True,139.12304705627398,massimo,True,43.7,3.0,4875,0.13840830000026472,True,
torino,42,3080,1490,astar_p999,False,22.786617056893437,p99.9,True,43.7,3.0,11330,0.49543050000011135,True,
torino,42,3080,1490,pareto,True,,nessuna,True,43.7,,74798,1.6530436000002737,,5.0
torino,43,6470,2715,astar_ammissibile,True,139.12304705627398,massimo,False,,,4106,0.04268789999969158,,
torino,43,6470,2715,dijkstra,True,,nessuna,False,,,4106,0.025694100000237086,,
torino,43,6470,2715,astar_cambi_proiettati,True,139.12304705627398,massimo,False,,,1236,0.014617599999837694,,
torino,43,6470,2715,astar_p999,False,22.786617056893437,p99.9,False,,,4106,0.04258559999971112,,
torino,43,6470,2715,pareto,True,,nessuna,False,,,2389,0.028360399999655783,,0.0
torino,44,3682,8100,astar_ammissibile,True,139.12304705627398,massimo,True,45.8,2.0,13036,0.39761330000010275,True,
torino,44,3682,8100,dijkstra,True,,nessuna,True,45.8,2.0,13719,0.25290769999992335,True,
torino,44,3682,8100,astar_cambi_proiettati,True,139.12304705627398,massimo,True,45.8,2.0,4083,0.1160981999996693,True,
torino,44,3682,8100,astar_p999,False,22.786617056893437,p99.9,True,45.8,2.0,9617,0.4100290999999743,True,
torino,44,3682,8100,pareto,True,,nessuna,True,45.8,,54017,1.3245091000003413,,7.0
torino,45,466,1369,astar_ammissibile,True,139.12304705627398,massimo,True,25.016666666666666,1.0,1340,0.05657310000015059,True,
torino,45,466,1369,dijkstra,True,,nessuna,True,25.016666666666666,1.0,1431,0.029920899999979156,True,
torino,45,466,1369,astar_cambi_proiettati,True,139.12304705627398,massimo,True,25.016666666666666,1.0,376,0.01708390000021609,True,
torino,45,466,1369,astar_p999,False,22.786617056893437,p99.9,True,25.016666666666666,1.0,1106,0.05300250000027518,True,
torino,45,466,1369,pareto,True,,nessuna,True,25.016666666666666,,42844,0.7742648999997073,,7.0
torino,46,4762,1565,astar_ammissibile,True,139.12304705627398,massimo,False,,,4255,0.04718240000011065,,
torino,46,4762,1565,dijkstra,True,,nessuna,False,,,4255,0.032407400000010966,,
torino,46,4762,1565,astar_cambi_proiettati,True,139.12304705627398,massimo,False,,,1379,0.021622199999910663,,
torino,46,4762,1565,astar_p999,False,22.786617056893437,p99.9,False,,,4255,0.051660200000242185,,
torino,46,4762,1565,pareto,True,,nessuna,False,,,2063,0.026866500000323867,,0.0
torino,47,2588,5644,astar_ammissibile,True,139.12304705627398,massimo,False,,,104513,1.3826305000002321,,
torino,47,2588,5644,dijkstra,True,,nessuna,False,,,104513,0.9618350000000646,,
torino,47,2588,5644,astar_cambi_proiettati,True,139.12304705627398,massimo,False,,,28227,0.32612250000011045,,
torino,47,2588,5644,astar_p999,False,22.786617056893437,p99.9,False,,,104513,1.5461338000000069,,
torino,47,2588,5644,pareto,True,,nessuna,False,,,93715,2.764705900000081,,0.0
torino,48,2878,2017,astar_ammissibile,True,139.12304705627398,massimo,True,59.43333333333333,4.0,16038,0.4144122999996398,True,
torino,48,2878,2017,dijkstra,True,,nessuna,True,59.43333333333333,4.0,16773,0.3460301999998592,True,
torino,48,2878,2017,astar_cambi_proiettati,True,139.12304705627398,massimo,True,59.43333333333333,4.0,5903,0.13926339999989068,True,
torino,48,2878,2017,astar_p999,False,22.786617056893437,p99.9,True,59.43333333333333,4.0,12787,0.34673090000023876,True,
torino,48,2878,2017,pareto,True,,nessuna,True,59.43333333333333,,37899,0.7098747000000003,,5.0
torino,49,6456,642,astar_ammissibile,True,139.12304705627398,massimo,False,,,1982,0.023775600000135455,,
torino,49,6456,642,dijkstra,True,,nessuna,False,,,1982,0.012479399999847374,,
torino,49,6456,642,astar_cambi_proiettati,True,139.12304705627398,massimo,False,,,640,0.006347099999857164,,
torino,49,6456,642,astar_p999,False,22.786617056893437,p99.9,False,,,1982,0.01990410000007614,,
torino,49,6456,642,pareto,True,,nessuna,False,,,1156,0.013543300000037561,,0.0
torino,50,743,3205,astar_ammissibile,True,139.12304705627398,massimo,True,34.0,2.0,5660,0.23281150000002526,True,
torino,50,743,3205,dijkstra,True,,nessuna,True,34.0,2.0,5867,0.1217053999998825,True,
torino,50,743,3205,astar_cambi_proiettati,True,139.12304705627398,massimo,True,34.0,2.0,1580,0.06303600000001097,True,
torino,50,743,3205,astar_p999,False,22.786617056893437,p99.9,True,34.0,2.0,4838,0.22577980000005482,True,
torino,50,743,3205,pareto,True,,nessuna,True,34.0,,44777,0.7970404000002418,,9.0
